task_id,state_idx,true_entropy,normalized_entropy,success,final_reward,original_reward,improvement,is_improvement,U,L
0,21,1.280320405960083,0.49916011099228197,False,0.0,11.11111111111111,-11.11111111111111,False,1.280320405960083,-11.11111111111111
0,22,1.2416610717773438,0.484087948233872,False,0.0,11.11111111111111,-11.11111111111111,False,1.2416610717773438,-11.11111111111111
0,24,1.051697015762329,0.42323401398280075,False,0.0,11.11111111111111,-11.11111111111111,False,1.051697015762329,-11.11111111111111
0,25,1.2223023176193237,0.4765405266437714,False,0.0,11.11111111111111,-11.11111111111111,False,1.2223023176193237,-11.11111111111111
0,26,1.051697015762329,0.42323401398280075,False,0.0,11.11111111111111,-11.11111111111111,False,1.051697015762329,-11.11111111111111
0,27,1.1930718421936035,0.43030970753924297,False,11.11111111111111,11.11111111111111,0.0,False,1.1930718421936035,0.0
0,28,1.0496940612792969,0.4224279658025992,False,0.0,11.11111111111111,-11.11111111111111,False,1.0496940612792969,-11.11111111111111
0,29,1.0531026124954224,0.35765815489698205,False,0.0,11.11111111111111,-11.11111111111111,False,1.0531026124954224,-11.11111111111111
1,2,1.1377956867218018,0.4311371617257281,False,50.0,66.66666666666666,-16.666666666666657,False,1.1377956867218018,-16.666666666666657
1,3,2.25003719329834,0.905481577543487,False,66.66666666666666,66.66666666666666,0.0,False,2.25003719329834,0.0
1,5,2.174098491668701,0.8749215958894007,False,66.66666666666666,66.66666666666666,0.0,False,2.174098491668701,0.0
1,6,1.0593385696411133,0.4130056472886907,False,75.0,66.66666666666666,8.333333333333343,False,1.0593385696411133,8.333333333333343
1,7,2.2445521354675293,0.9032742278906224,False,75.0,66.66666666666666,8.333333333333343,False,2.2445521354675293,8.333333333333343
1,9,2.3044745922088623,0.9273887984506253,False,66.66666666666666,66.66666666666666,0.0,False,2.3044745922088623,0.0
1,10,1.0817193984985352,0.3901478029618073,False,66.66666666666666,66.66666666666666,0.0,False,1.0817193984985352,0.0
1,11,2.2734713554382324,0.9149121781424641,False,50.0,66.66666666666666,-16.666666666666657,False,2.2734713554382324,-16.666666666666657
2,1,0.9025887846946716,0.36322844754416667,False,60.0,20.0,40.0,True,0.9025887846946716,40.0
2,2,1.767979621887207,0.5901660964481856,False,40.0,20.0,20.0,True,1.767979621887207,20.0
3,1,0.8543451428413391,0.34381377783919065,False,40.0,40.0,0.0,False,0.8543451428413391,0.0
3,2,1.3391835689544678,0.49451947693192816,False,40.0,40.0,0.0,False,1.3391835689544678,0.0
3,3,0.7985664010047913,0.3213667608289917,False,40.0,40.0,0.0,False,0.7985664010047913,0.0
4,1,2.0141043663024902,0.8105352233148571,False,83.33333333333334,66.66666666666666,16.666666666666686,True,2.0141043663024902,16.666666666666686
4,2,1.5184004306793213,0.5753571222724007,False,83.33333333333334,66.66666666666666,16.666666666666686,True,1.5184004306793213,16.666666666666686
4,3,2.0329415798187256,0.818115875697852,False,83.33333333333334,66.66666666666666,16.666666666666686,True,2.0329415798187256,16.666666666666686
4,5,2.0141043663024902,0.8105352233148571,False,66.66666666666666,66.66666666666666,0.0,False,2.0141043663024902,0.0
4,6,1.5641627311706543,0.5926975187760282,False,83.33333333333334,66.66666666666666,16.666666666666686,True,1.5641627311706543,16.666666666666686
4,7,0.04576927423477173,0.06603110496359219,False,83.33333333333334,66.66666666666666,16.666666666666686,True,0.04576927423477173,16.666666666666686
4,8,1.5641627311706543,0.5926975187760282,False,83.33333333333334,66.66666666666666,16.666666666666686,True,1.5641627311706543,16.666666666666686
5,1,1.711012840270996,0.6885622204025134,False,75.0,87.5,-12.5,False,1.711012840270996,-12.5
5,2,1.0965571403503418,0.38703655785428354,False,87.5,87.5,0.0,False,1.0965571403503418,0.0
5,3,0.9788445234298706,0.3454891688560565,False,87.5,87.5,0.0,False,0.9788445234298706,0.0
5,4,1.1112650632858276,0.3922278093236942,False,87.5,87.5,0.0,False,1.1112650632858276,0.0
6,1,1.8726449012756348,0.7536077467680322,False,37.5,25.0,12.5,True,1.8726449012756348,12.5
6,3,1.8726449012756348,0.7536077467680322,False,25.0,25.0,0.0,False,1.8726449012756348,0.0
6,4,1.8774008750915527,0.6376090278573333,False,37.5,25.0,12.5,True,1.8774008750915527,12.5
6,6,1.8726449012756348,0.7536077467680322,False,50.0,25.0,25.0,True,1.8726449012756348,25.0
6,7,1.7306549549102783,0.5777068165230645,False,50.0,25.0,25.0,True,1.7306549549102783,25.0
7,1,1.1686134338378906,0.4702846418546913,True,100.0,90.0,10.0,False,1.1686134338378906,10.0
7,2,0.8630551695823669,0.31128135329251605,True,100.0,90.0,10.0,False,0.8630551695823669,10.0
8,1,1.900900959968567,0.7649788212892191,False,50.0,12.5,37.5,True,1.900900959968567,37.5
8,2,1.4736214876174927,0.5004761511595901,False,25.0,12.5,12.5,True,1.4736214876174927,12.5
8,3,0.06258013099431992,0.09028404464368706,False,25.0,12.5,12.5,True,0.06258013099431992,12.5
8,4,1.4736214876174927,0.5004761511595901,False,25.0,12.5,12.5,True,1.4736214876174927,12.5
8,5,2.039842367172241,0.6927779388893001,False,25.0,12.5,12.5,True,2.039842367172241,12.5
9,1,1.2633041143417358,0.5083909749485014,False,80.0,80.0,0.0,False,1.2633041143417358,0.0
9,2,0.8821153044700623,0.3113479986675368,False,80.0,80.0,0.0,False,0.8821153044700623,0.0
9,3,0.3995917737483978,0.1410383635904791,True,100.0,80.0,20.0,True,0.3995917737483978,20.0
10,1,1.4802639484405518,0.5957020351516386,False,50.0,33.33333333333333,16.66666666666667,True,1.4802639484405518,16.66666666666667
10,2,1.4202685356140137,0.5715581049031294,False,33.33333333333333,33.33333333333333,0.0,False,1.4202685356140137,0.0
11,2,1.9438786506652832,0.648882634748652,False,75.0,1.25,73.75,True,1.9438786506652832,73.75
11,4,1.3566510677337646,0.5289192411488415,False,75.0,1.25,73.75,True,1.3566510677337646,73.75
11,5,1.168318271636963,0.44270287671518266,False,75.0,1.25,73.75,True,1.168318271636963,73.75
11,6,1.6871803998947144,0.6577831234705049,False,75.0,1.25,73.75,True,1.6871803998947144,73.75
11,7,1.0144381523132324,0.4082399443052636,False,50.0,1.25,48.75,True,1.0144381523132324,48.75
11,8,1.6827938556671143,0.5715159551866505,False,1.25,1.25,0.0,False,1.6827938556671143,0.0
11,9,1.8327795267105103,0.7375647398532551,False,62.5,1.25,61.25,True,1.8327795267105103,61.25
11,11,1.8362648487091064,0.7389673366062935,False,1.25,1.25,0.0,False,1.8362648487091064,0.0
12,1,1.2171077728271484,0.4898001995088974,False,62.5,62.5,0.0,False,1.2171077728271484,0.0
12,2,1.3583426475524902,0.4613247743164411,False,62.5,62.5,0.0,False,1.3583426475524902,0.0
13,1,1.8538997173309326,0.7460641298091009,False,71.42857142857143,71.42857142857143,0.0,False,1.8538997173309326,0.0
13,2,1.009384036064148,0.39352981107709234,False,71.42857142857143,71.42857142857143,0.0,False,1.009384036064148,0.0
14,1,1.4618977308273315,0.5883109254635595,False,83.33333333333334,66.66666666666666,16.666666666666686,True,1.4618977308273315,16.666666666666686
14,3,1.4618977308273315,0.5883109254635595,True,100.0,66.66666666666666,33.33333333333334,True,1.4618977308273315,33.33333333333334
14,5,1.4618977308273315,0.5883109254635595,True,100.0,66.66666666666666,33.33333333333334,True,1.4618977308273315,33.33333333333334
14,6,0.9736063480377197,0.35115426252300813,False,83.33333333333334,66.66666666666666,16.666666666666686,True,0.9736063480377197,16.666666666666686
15,6,1.359397292137146,0.5470617144725026,False,81.81818181818181,0.0,81.81818181818181,True,1.359397292137146,81.81818181818181
15,8,1.3219048976898193,0.5153727085660958,False,72.72727272727273,0.0,72.72727272727273,True,1.3219048976898193,72.72727272727273
15,9,1.946363925933838,0.6869810669278065,False,81.81818181818181,0.0,81.81818181818181,True,1.946363925933838,81.81818181818181
15,10,1.3557201623916626,0.5285563079239051,False,72.72727272727273,0.0,72.72727272727273,True,1.3557201623916626,72.72727272727273
15,11,1.2055702209472656,0.4700171632785713,False,90.9090909090909,0.0,90.9090909090909,True,1.2055702209472656,90.9090909090909
15,12,1.359397292137146,0.5470617144725026,False,0.0,0.0,0.0,False,1.359397292137146,0.0
15,15,1.0263662338256836,0.40015068166548573,False,81.81818181818181,0.0,81.81818181818181,True,1.0263662338256836,81.81818181818181
15,16,1.1104034185409546,0.4329143635178403,False,90.9090909090909,0.0,90.9090909090909,True,1.1104034185409546,90.9090909090909
16,1,0.7555819153785706,0.30406853128387457,False,80.0,6.0,74.0,True,0.7555819153785706,74.0
16,2,1.2962327003479004,0.4675171221575064,False,60.0,6.0,54.0,True,1.2962327003479004,54.0
16,3,0.7434103488922119,0.29917033259806197,True,100.0,6.0,94.0,True,0.7434103488922119,94.0
16,4,2.0150556564331055,0.6971614121706677,False,80.0,6.0,74.0,True,2.0150556564331055,74.0
16,5,1.188499927520752,0.4782875556400273,False,40.0,6.0,34.0,True,1.188499927520752,34.0
17,7,1.1777472496032715,0.4591697867940976,False,90.9090909090909,6.363636363636365,84.54545454545455,True,1.1777472496032715,84.54545454545455
17,8,1.028691053390503,0.4010570619642064,False,90.9090909090909,6.363636363636365,84.54545454545455,True,1.028691053390503,84.54545454545455
17,9,1.110593318939209,0.4469356299698257,False,90.9090909090909,6.363636363636365,84.54545454545455,True,1.110593318939209,84.54545454545455
17,11,1.110593318939209,0.4469356299698257,False,90.9090909090909,6.363636363636365,84.54545454545455,True,1.110593318939209,84.54545454545455
17,12,1.028691053390503,0.4010570619642064,False,40.90909090909091,6.363636363636365,34.54545454545454,True,1.028691053390503,34.54545454545454
17,13,1.1815279722213745,0.4606437818291671,False,90.9090909090909,6.363636363636365,84.54545454545455,True,1.1815279722213745,84.54545454545455
17,14,1.2133724689483643,0.4730590354225189,False,90.9090909090909,6.363636363636365,84.54545454545455,True,1.2133724689483643,84.54545454545455
17,15,1.1815279722213745,0.4606437818291671,False,45.45454545454545,6.363636363636365,39.090909090909086,True,1.1815279722213745,39.090909090909086
18,1,1.747377872467041,0.7031965859225007,False,50.0,50.0,0.0,False,1.747377872467041,0.0
18,2,1.3759448528289795,0.4593016755788479,False,60.0,50.0,10.0,False,1.3759448528289795,10.0
18,3,1.910890817642212,0.6378710255623825,False,50.0,50.0,0.0,False,1.910890817642212,0.0
18,4,1.0905295610427856,0.36402771057676475,False,50.0,50.0,0.0,False,1.0905295610427856,0.0
18,5,1.2899385690689087,0.43059207274840633,False,60.0,50.0,10.0,False,1.2899385690689087,10.0
19,1,1.53127121925354,0.616228870965507,False,90.0,0.0,90.0,True,1.53127121925354,90.0
19,3,1.53127121925354,0.616228870965507,False,70.0,0.0,70.0,True,1.53127121925354,70.0
19,4,1.6713117361068726,0.5898997121459664,False,80.0,0.0,80.0,True,1.6713117361068726,80.0
19,5,1.6723101139068604,0.5902520957044026,False,0.0,0.0,0.0,False,1.6723101139068604,0.0
20,1,1.4027248620986938,0.564498011310955,False,83.33333333333334,50.0,33.33333333333334,True,1.4027248620986938,33.33333333333334
20,2,1.160547137260437,0.42855451379301607,False,66.66666666666666,50.0,16.666666666666657,True,1.160547137260437,16.666666666666657
20,3,1.5736262798309326,0.5810919897978432,False,66.66666666666666,50.0,16.666666666666657,True,1.5736262798309326,16.666666666666657
21,1,1.5572149753570557,0.6266694064704239,False,66.66666666666666,44.44444444444444,22.222222222222214,True,1.5572149753570557,22.222222222222214
21,2,1.3501840829849243,0.49858162985139,False,44.44444444444444,44.44444444444444,0.0,False,1.3501840829849243,0.0
21,3,1.726779580116272,0.6949072232808392,False,44.44444444444444,44.44444444444444,0.0,False,1.726779580116272,0.0
21,4,1.2458587884902954,0.4493485739507203,False,44.44444444444444,44.44444444444444,0.0,False,1.2458587884902954,0.0
21,5,1.5749369859695435,0.5680384448427178,False,44.44444444444444,44.44444444444444,0.0,False,1.5749369859695435,0.0
23,1,1.2953459024429321,0.5212855390577528,False,66.66666666666666,33.33333333333333,33.33333333333333,True,1.2953459024429321,33.33333333333333
23,3,1.2953459024429321,0.5212855390577528,False,66.66666666666666,33.33333333333333,33.33333333333333,True,1.2953459024429321,33.33333333333333
23,4,1.6910641193389893,0.5644910709369877,False,50.0,33.33333333333333,16.66666666666667,True,1.6910641193389893,16.66666666666667
23,5,1.1220152378082275,0.3745378876855118,False,50.0,33.33333333333333,16.66666666666667,True,1.1220152378082275,16.66666666666667
23,6,1.9988203048706055,0.667222609482156,False,50.0,33.33333333333333,16.66666666666667,True,1.9988203048706055,16.66666666666667
23,7,0.031120508909225464,0.04489740387328038,False,50.0,33.33333333333333,16.66666666666667,True,0.031120508909225464,16.66666666666667
23,8,1.9988203048706055,0.667222609482156,False,50.0,33.33333333333333,16.66666666666667,True,1.9988203048706055,16.66666666666667
23,9,1.5619232654571533,0.521382794866433,False,33.33333333333333,33.33333333333333,0.0,False,1.5619232654571533,0.0
24,1,1.6807153224945068,0.6763696023099689,False,0.0,0.0,0.0,False,1.6807153224945068,0.0
24,3,1.6807153224945068,0.6763696023099689,False,83.33333333333334,0.0,83.33333333333334,True,1.6807153224945068,83.33333333333334
24,5,1.6807153224945068,0.6763696023099689,False,83.33333333333334,0.0,83.33333333333334,True,1.6807153224945068,83.33333333333334
24,8,1.1693756580352783,0.4217631156959411,False,83.33333333333334,0.0,83.33333333333334,True,1.1693756580352783,83.33333333333334
25,12,1.1345783472061157,0.45658791540636434,False,81.81818181818181,0.0,81.81818181818181,True,1.1345783472061157,81.81818181818181
25,13,1.1997301578521729,0.4677402906073414,True,100.0,0.0,100.0,True,1.1997301578521729,100.0
25,15,1.1345783472061157,0.45658791540636434,False,81.81818181818181,0.0,81.81818181818181,True,1.1345783472061157,81.81818181818181
25,16,1.1997301578521729,0.4677402906073414,True,100.0,0.0,100.0,True,1.1997301578521729,100.0
25,17,1.1999340057373047,0.46781976503615963,False,54.54545454545454,0.0,54.54545454545454,True,1.1999340057373047,54.54545454545454
25,21,1.2525044679641724,0.4883154766079839,False,90.9090909090909,0.0,90.9090909090909,True,1.2525044679641724,90.9090909090909
25,22,0.5600069761276245,0.5097403168560428,False,90.9090909090909,0.0,90.9090909090909,True,0.5600069761276245,90.9090909090909
25,23,1.2525044679641724,0.4883154766079839,True,100.0,0.0,100.0,True,1.2525044679641724,100.0
26,2,2.2275595664978027,0.7565310683152335,False,14.285714285714285,0.0,14.285714285714285,True,2.2275595664978027,14.285714285714285
26,3,1.2551934719085693,0.5051270123228396,False,28.57142857142857,0.0,28.57142857142857,True,1.2551934719085693,28.57142857142857
26,4,1.892427682876587,0.6427124814834254,False,28.57142857142857,0.0,28.57142857142857,True,1.892427682876587,28.57142857142857
26,5,2.075488567352295,0.8352380430586256,False,28.57142857142857,0.0,28.57142857142857,True,2.075488567352295,28.57142857142857
26,6,2.239872455596924,0.7607128119975587,False,28.57142857142857,0.0,28.57142857142857,True,2.239872455596924,28.57142857142857
26,7,2.075488567352295,0.8352380430586256,False,14.285714285714285,0.0,14.285714285714285,True,2.075488567352295,14.285714285714285
26,8,2.2336604595184326,0.758603073564382,False,28.57142857142857,0.0,28.57142857142857,True,2.2336604595184326,28.57142857142857
26,9,2.075488567352295,0.8352380430586256,False,14.285714285714285,0.0,14.285714285714285,True,2.075488567352295,14.285714285714285
27,1,1.1717274188995361,0.4715378016311003,False,11.11111111111111,0.0,11.11111111111111,True,1.1717274188995361,11.11111111111111
27,2,0.8887348175048828,0.32054332846991307,False,0.0,0.0,0.0,False,0.8887348175048828,0.0
27,3,1.7069065570831299,0.6156364062911714,False,0.0,0.0,0.0,False,1.7069065570831299,0.0
27,4,0.0406128466129303,0.05859195240485868,False,33.33333333333333,0.0,33.33333333333333,True,0.0406128466129303,33.33333333333333
28,1,1.3169984817504883,0.5299991779823391,False,71.42857142857143,71.42857142857143,0.0,False,1.3169984817504883,0.0
28,2,1.1297273635864258,0.37711225851506824,False,71.42857142857143,71.42857142857143,0.0,False,1.1297273635864258,0.0
28,3,1.5268303155899048,0.5096684804141552,False,71.42857142857143,71.42857142857143,0.0,False,1.5268303155899048,0.0
29,3,0.08302703499794006,0.11978269165124254,False,83.33333333333334,83.33333333333334,0.0,False,0.08302703499794006,0.0
29,6,1.6089216470718384,0.556648688071508,False,83.33333333333334,83.33333333333334,0.0,False,1.6089216470718384,0.0
29,7,1.9221162796020508,0.6650065945154111,True,100.0,83.33333333333334,16.666666666666657,True,1.9221162796020508,16.666666666666657
29,8,1.459639549255371,0.5050006267421494,False,83.33333333333334,83.33333333333334,0.0,False,1.459639549255371,0.0
29,9,1.6898425817489624,0.6800426816408299,False,83.33333333333334,83.33333333333334,0.0,False,1.6898425817489624,0.0
29,10,1.3163577318191528,0.5132100281004837,False,83.33333333333334,83.33333333333334,0.0,False,1.3163577318191528,0.0
29,11,1.190382957458496,0.46409608595024543,True,100.0,83.33333333333334,16.666666666666657,True,1.190382957458496,16.666666666666657
29,13,1.2249897718429565,0.47758828776849493,False,66.66666666666666,83.33333333333334,-16.666666666666686,False,1.2249897718429565,-16.666666666666686
30,3,1.7907285690307617,0.7206421895903162,False,42.857142857142854,57.14285714285714,-14.285714285714285,False,1.7907285690307617,-14.285714285714285
30,5,1.7907285690307617,0.7206421895903162,False,42.857142857142854,57.14285714285714,-14.285714285714285,False,1.7907285690307617,-14.285714285714285
30,7,1.7907285690307617,0.7206421895903162,False,85.71428571428571,57.14285714285714,28.57142857142857,True,1.7907285690307617,28.57142857142857
30,8,1.7195978164672852,0.6202138105352105,False,57.14285714285714,57.14285714285714,0.0,False,1.7195978164672852,0.0
30,9,0.03095329739153385,0.044656168645927176,False,57.14285714285714,57.14285714285714,0.0,False,0.03095329739153385,0.0
30,11,1.8525259494781494,0.6681575001075611,False,57.14285714285714,57.14285714285714,0.0,False,1.8525259494781494,0.0
31,3,0.0477895513176918,0.06894574869234259,False,0.0,60.0,-60.0,False,0.0477895513176918,-60.0
31,4,1.1348074674606323,0.49284062114075666,False,60.0,60.0,0.0,False,1.1348074674606323,0.0
31,5,1.1348074674606323,0.49284062114075666,False,60.0,60.0,0.0,False,1.1348074674606323,0.0
31,6,1.1348074674606323,0.49284062114075666,False,60.0,60.0,0.0,False,1.1348074674606323,0.0
31,7,0.0477895513176918,0.06894574869234259,False,0.0,60.0,-60.0,False,0.0477895513176918,-60.0
31,10,1.0797020196914673,0.46890862925180044,False,80.0,60.0,20.0,True,1.0797020196914673,20.0
31,11,1.0797020196914673,0.46890862925180044,False,60.0,60.0,0.0,False,1.0797020196914673,0.0
31,12,1.0797020196914673,0.46890862925180044,False,60.0,60.0,0.0,False,1.0797020196914673,0.0
33,2,1.262355923652649,0.49215627590478805,False,81.81818181818181,81.81818181818181,0.0,False,1.262355923652649,0.0
33,3,0.8730380535125732,0.3403724330747006,False,72.72727272727273,81.81818181818181,-9.09090909090908,False,0.8730380535125732,-9.09090909090908
33,5,1.1665301322937012,0.4694462596384551,False,81.81818181818181,81.81818181818181,0.0,False,1.1665301322937012,0.0
33,6,1.262355923652649,0.49215627590478805,False,90.9090909090909,81.81818181818181,9.090909090909093,False,1.262355923652649,9.090909090909093
33,7,0.8730380535125732,0.3403724330747006,False,90.9090909090909,81.81818181818181,9.090909090909093,False,0.8730380535125732,9.090909090909093
33,9,1.1665301322937012,0.4694462596384551,False,90.9090909090909,81.81818181818181,9.090909090909093,False,1.1665301322937012,9.090909090909093
33,11,1.1665301322937012,0.4694462596384551,False,90.9090909090909,81.81818181818181,9.090909090909093,False,1.1665301322937012,9.090909090909093
33,14,1.262355923652649,0.49215627590478805,False,72.72727272727273,81.81818181818181,-9.09090909090908,False,1.262355923652649,-9.09090909090908
34,1,1.3386576175689697,0.5387154554410232,False,0.0,0.0,0.0,False,1.3386576175689697,0.0
34,3,1.3386576175689697,0.5387154554410232,False,0.0,0.0,0.0,False,1.3386576175689697,0.0
34,4,1.3286992311477661,0.4596983856896304,False,0.0,0.0,0.0,False,1.3286992311477661,0.0
34,5,1.3089380264282227,0.45286147806155175,False,0.0,0.0,0.0,False,1.3089380264282227,0.0
34,6,1.3290703296661377,0.4598267769657207,False,0.0,0.0,0.0,False,1.3290703296661377,0.0
34,7,1.2033048868179321,0.4163149198820674,False,0.0,0.0,0.0,False,1.2033048868179321,0.0
34,8,0.0753927230834961,0.1087687077116747,False,0.0,0.0,0.0,False,0.0753927230834961,0.0
35,1,1.081153154373169,0.4350880361905778,False,60.0,40.0,20.0,True,1.081153154373169,20.0
35,3,1.170700192451477,0.4711244152979973,False,40.0,40.0,0.0,False,1.170700192451477,0.0
35,5,1.081153154373169,0.4350880361905778,False,60.0,40.0,20.0,True,1.081153154373169,20.0
35,6,1.1679418087005615,0.4212459638647966,False,60.0,40.0,20.0,True,1.1679418087005615,20.0
35,7,1.9553520679473877,0.705244182904919,False,40.0,40.0,0.0,False,1.9553520679473877,0.0
35,8,1.8666024208068848,0.6732345139523567,False,40.0,40.0,0.0,False,1.8666024208068848,0.0
35,9,0.06190112233161926,0.08930444221328818,False,40.0,40.0,0.0,False,0.06190112233161926,0.0
35,10,1.7595106363296509,0.634609317356043,False,40.0,40.0,0.0,False,1.7595106363296509,0.0
36,1,0.5369091629981995,0.21606814205435276,True,100.0,90.0,10.0,False,0.5369091629981995,10.0
36,2,1.1377724409103394,0.41036466454036946,False,90.0,90.0,0.0,False,1.1377724409103394,0.0
36,3,0.06304965913295746,0.09096143056085727,True,100.0,90.0,10.0,False,0.06304965913295746,10.0
36,4,1.094628095626831,0.3948036312946398,True,100.0,90.0,10.0,False,1.094628095626831,10.0
37,1,0.7825695872306824,0.31492916939050697,False,83.33333333333334,66.66666666666666,16.666666666666686,True,0.7825695872306824,16.666666666666686
37,2,1.4256922006607056,0.4759077482479213,False,66.66666666666666,66.66666666666666,0.0,False,1.4256922006607056,0.0
38,1,0.6081275939941406,0.24472854706474506,False,66.66666666666666,66.66666666666666,0.0,False,0.6081275939941406,0.0
38,2,2.415968418121338,0.8205190989576187,False,66.66666666666666,66.66666666666666,0.0,False,2.415968418121338,0.0
38,3,2.440908908843994,0.8289894700195167,False,66.66666666666666,66.66666666666666,0.0,False,2.440908908843994,0.0
38,4,0.032554298639297485,0.04696592520653281,False,83.33333333333334,66.66666666666666,16.666666666666686,True,0.032554298639297485,16.666666666666686
38,5,2.359081506729126,0.8011989799825885,False,66.66666666666666,66.66666666666666,0.0,False,2.359081506729126,0.0
38,6,1.935759425163269,0.7790068996468814,False,66.66666666666666,66.66666666666666,0.0,False,1.935759425163269,0.0
38,7,2.4310803413391113,0.8256514597654665,False,66.66666666666666,66.66666666666666,0.0,False,2.4310803413391113,0.0
38,8,2.4688572883605957,0.8384813901151111,False,0.0,66.66666666666666,-66.66666666666666,False,2.4688572883605957,-66.66666666666666
39,1,1.545759677886963,0.6220594556414581,False,60.0,60.0,0.0,False,1.545759677886963,0.0
39,2,1.4043004512786865,0.6391246783618153,False,90.0,60.0,30.0,True,1.4043004512786865,30.0
39,3,0.4246576428413391,0.19327002220053816,False,70.0,60.0,10.0,False,0.4246576428413391,10.0
40,1,1.2685377597808838,0.5104971488120525,False,37.5,12.5,25.0,True,1.2685377597808838,25.0
40,2,1.2552709579467773,0.4263192298527918,False,12.5,12.5,0.0,False,1.2552709579467773,0.0
41,1,1.3867491483688354,0.5580689111549304,False,81.81818181818181,72.72727272727273,9.09090909090908,False,1.3867491483688354,9.09090909090908
41,2,1.385361671447754,0.5401126799707305,False,81.81818181818181,72.72727272727273,9.09090909090908,False,1.385361671447754,9.09090909090908
41,3,1.2054108381271362,0.4699550245000158,False,81.81818181818181,72.72727272727273,9.09090909090908,False,1.2054108381271362,9.09090909090908
41,4,1.1694223880767822,0.3971630576660282,False,81.81818181818181,72.72727272727273,9.09090909090908,False,1.1694223880767822,9.09090909090908
41,5,1.547025203704834,0.5254057613864326,False,72.72727272727273,72.72727272727273,0.0,False,1.547025203704834,0.0
42,13,1.508898377418518,0.6072253770769416,False,60.0,4.000000000000001,56.0,True,1.508898377418518,56.0
42,14,0.6488521099090576,0.3621312576004429,False,40.0,4.000000000000001,36.0,True,0.6488521099090576,36.0
42,15,1.4955899715423584,0.6018696805652456,False,40.0,4.000000000000001,36.0,True,1.4955899715423584,36.0
42,16,1.5555877685546875,0.606478940424076,False,40.0,4.000000000000001,36.0,True,1.5555877685546875,36.0
42,17,1.6613304615020752,0.6477049757996979,False,60.0,4.000000000000001,56.0,True,1.6613304615020752,56.0
42,19,1.633702039718628,0.576625139489041,False,40.0,4.000000000000001,36.0,True,1.633702039718628,36.0
42,20,0.04792588949203491,0.06914244310035125,False,60.0,4.000000000000001,56.0,True,0.04792588949203491,56.0
42,23,1.4955899715423584,0.6018696805652456,False,60.0,4.000000000000001,56.0,True,1.4955899715423584,56.0
43,1,1.275012493133545,0.513102773193642,False,40.0,40.0,0.0,False,1.275012493133545,0.0
43,2,0.9949769973754883,0.3379173433090342,False,40.0,40.0,0.0,False,0.9949769973754883,0.0
43,3,0.8751670122146606,0.2972270841430095,False,40.0,40.0,0.0,False,0.8751670122146606,0.0
43,4,2.1313116550445557,0.723843037714411,False,20.0,40.0,-20.0,False,2.1313116550445557,-20.0
44,1,2.0213234424591064,0.8134403932765666,False,60.0,60.0,0.0,False,2.0213234424591064,0.0
44,2,1.5212576389312744,0.5930946100381581,False,80.0,60.0,20.0,True,1.5212576389312744,20.0
44,4,2.0213234424591064,0.8134403932765666,False,80.0,60.0,20.0,True,2.0213234424591064,20.0
44,5,0.7395538091659546,0.24686912635506778,False,40.0,60.0,-20.0,False,0.7395538091659546,-20.0
44,6,1.1406954526901245,0.38077349660384,False,60.0,60.0,0.0,False,1.1406954526901245,0.0
45,2,1.1574394702911377,0.4004465747802668,False,66.66666666666666,66.66666666666666,0.0,False,1.1574394702911377,0.0
45,3,1.6127604246139526,0.6490225396400887,False,66.66666666666666,66.66666666666666,0.0,False,1.6127604246139526,0.0
45,5,1.4418573379516602,0.5802460780869463,False,66.66666666666666,66.66666666666666,0.0,False,1.4418573379516602,0.0
45,7,1.4418573379516602,0.5802460780869463,False,5.555555555555555,66.66666666666666,-61.1111111111111,False,1.4418573379516602,-61.1111111111111
45,10,1.1574394702911377,0.4004465747802668,False,66.66666666666666,66.66666666666666,0.0,False,1.1574394702911377,0.0
47,1,0.3536067306995392,0.14230181674217304,False,62.5,62.5,0.0,False,0.3536067306995392,0.0
47,2,1.1592626571655273,0.6469968079281162,False,62.5,62.5,0.0,False,1.1592626571655273,0.0
47,3,0.04924090951681137,0.07103961596876593,False,62.5,62.5,0.0,False,0.04924090951681137,0.0
48,1,1.2849377393722534,0.5170969861108777,True,100.0,75.0,25.0,True,1.2849377393722534,25.0
48,2,0.9194505214691162,0.33162167691656635,False,75.0,75.0,0.0,False,0.9194505214691162,0.0
48,3,0.8574531078338623,0.3092608366166857,False,75.0,75.0,0.0,False,0.8574531078338623,0.0
49,1,0.8583083152770996,0.3454086757546108,False,0.0,25.0,-25.0,False,0.8583083152770996,-25.0
49,2,1.8732380867004395,0.6361952480437364,False,12.5,25.0,-12.5,False,1.8732380867004395,-12.5
49,3,0.08977942913770676,0.12952433719081163,False,25.0,25.0,0.0,False,0.08977942913770676,0.0
50,1,1.4763426780700684,0.5941239998677706,False,80.0,80.0,0.0,False,1.4763426780700684,0.0
50,3,1.4763426780700684,0.5941239998677706,False,80.0,80.0,0.0,False,1.4763426780700684,0.0
50,4,1.5107673406600952,0.5890047443881161,False,80.0,80.0,0.0,False,1.5107673406600952,0.0
50,5,1.4763426780700684,0.5941239998677706,False,80.0,80.0,0.0,False,1.4763426780700684,0.0
50,6,1.0563709735870361,0.37285260420052424,False,80.0,80.0,0.0,False,1.0563709735870361,0.0
50,7,0.939868688583374,0.33173240926424397,False,60.0,80.0,-20.0,False,0.939868688583374,-20.0
50,8,1.5707964897155762,0.5544222403903829,False,60.0,80.0,-20.0,False,1.5707964897155762,-20.0
51,7,1.1445238590240479,0.46059028379262973,False,81.81818181818181,81.81818181818181,0.0,False,1.1445238590240479,0.0
51,9,1.1445238590240479,0.46059028379262973,False,81.81818181818181,81.81818181818181,0.0,False,1.1445238590240479,0.0
51,11,1.1445238590240479,0.46059028379262973,False,81.81818181818181,81.81818181818181,0.0,False,1.1445238590240479,0.0
51,12,1.2578065395355225,0.4903826018539176,False,90.9090909090909,81.81818181818181,9.090909090909093,False,1.2578065395355225,9.090909090909093
51,13,1.3227252960205078,0.5156925582848835,False,90.9090909090909,81.81818181818181,9.090909090909093,False,1.3227252960205078,9.090909090909093
51,14,1.4490783214569092,0.5649539696530399,False,90.9090909090909,81.81818181818181,9.090909090909093,False,1.4490783214569092,9.090909090909093
51,15,1.176313877105713,0.4586109560735655,False,81.81818181818181,81.81818181818181,0.0,False,1.176313877105713,0.0
51,17,1.176313877105713,0.4586109560735655,False,81.81818181818181,81.81818181818181,0.0,False,1.176313877105713,0.0
52,2,0.7123070359230042,0.28665343866489895,True,100.0,4.000000000000001,96.0,True,0.7123070359230042,96.0
52,3,0.03712155669927597,0.053555085760123924,False,40.0,4.000000000000001,36.0,True,0.03712155669927597,36.0
52,4,0.7123070359230042,0.28665343866489895,False,80.0,4.000000000000001,76.0,True,0.7123070359230042,76.0
52,5,2.1841201782226562,0.8789546192445477,False,80.0,4.000000000000001,76.0,True,2.1841201782226562,76.0
52,6,1.0415960550308228,0.37567636580061897,False,4.000000000000001,4.000000000000001,0.0,False,1.0415960550308228,0.0
52,7,0.03712155669927597,0.053555085760123924,False,80.0,4.000000000000001,76.0,True,0.03712155669927597,76.0
52,8,1.0415960550308228,0.37567636580061897,False,4.000000000000001,4.000000000000001,0.0,False,1.0415960550308228,0.0
53,1,1.5929951667785645,0.6410684147488883,False,60.0,60.0,0.0,False,1.5929951667785645,0.0
54,1,0.9847886562347412,0.3963081093282753,False,50.0,50.0,0.0,False,0.9847886562347412,0.0
54,2,0.9358330368995667,0.3375304203587658,False,50.0,50.0,0.0,False,0.9358330368995667,0.0
55,13,1.1329433917999268,0.44170205096024634,False,71.42857142857143,28.57142857142857,42.85714285714286,True,1.1329433917999268,42.85714285714286
55,21,1.2277860641479492,0.478678481731529,False,85.71428571428571,28.57142857142857,57.14285714285714,True,1.2277860641479492,57.14285714285714
55,23,1.6541342735290527,0.6656726012907467,False,57.14285714285714,28.57142857142857,28.57142857142857,True,1.6541342735290527,28.57142857142857
55,24,0.982090950012207,0.3828890216312718,False,42.857142857142854,28.57142857142857,14.285714285714285,True,0.982090950012207,14.285714285714285
55,25,1.6541342735290527,0.6656726012907467,False,28.57142857142857,28.57142857142857,0.0,False,1.6541342735290527,0.0
55,27,1.6541342735290527,0.6656726012907467,False,57.14285714285714,28.57142857142857,28.57142857142857,True,1.6541342735290527,28.57142857142857
55,28,0.982090950012207,0.3828890216312718,False,57.14285714285714,28.57142857142857,28.57142857142857,True,0.982090950012207,28.57142857142857
55,29,1.008084774017334,0.3930232661649933,False,71.42857142857143,28.57142857142857,42.85714285714286,True,1.008084774017334,42.85714285714286
56,1,0.41539281606674194,0.16716636663279932,True,100.0,0.0,100.0,True,0.41539281606674194,100.0
56,2,0.9662712812423706,0.3661425882639847,False,66.66666666666666,0.0,66.66666666666666,True,0.9662712812423706,66.66666666666666
56,3,1.837365746498108,0.7394103704679863,True,100.0,0.0,100.0,True,1.837365746498108,100.0
56,4,1.1240434646606445,0.4523483667913812,False,83.33333333333334,0.0,83.33333333333334,True,1.1240434646606445,83.33333333333334
56,5,1.799649715423584,0.7242323230038122,False,83.33333333333334,0.0,83.33333333333334,True,1.799649715423584,83.33333333333334
56,7,0.41539281606674194,0.16716636663279932,False,83.33333333333334,0.0,83.33333333333334,True,0.41539281606674194,83.33333333333334
56,8,0.9662712812423706,0.3661425882639847,False,10.0,0.0,10.0,False,0.9662712812423706,10.0
56,9,1.837365746498108,0.7394103704679863,False,66.66666666666666,0.0,66.66666666666666,True,1.837365746498108,66.66666666666666
57,2,1.418839693069458,0.5531647979489336,False,90.9090909090909,81.81818181818181,9.090909090909093,False,1.418839693069458,9.090909090909093
57,3,1.2268610000610352,0.4937251868860767,True,100.0,81.81818181818181,18.181818181818187,True,1.2268610000610352,18.181818181818187
57,5,1.2268610000610352,0.4937251868860767,False,90.9090909090909,81.81818181818181,9.090909090909093,False,1.2268610000610352,9.090909090909093
57,9,1.4304978847503662,0.4858303720579514,False,72.72727272727273,81.81818181818181,-9.09090909090908,False,1.4304978847503662,-9.09090909090908
57,10,1.3740746974945068,0.466667744591366,False,81.81818181818181,81.81818181818181,0.0,False,1.3740746974945068,0.0
58,3,1.1930515766143799,0.48011927398406096,False,90.0,90.0,0.0,False,1.1930515766143799,0.0
58,5,1.1930515766143799,0.48011927398406096,False,80.0,90.0,-10.0,False,1.1930515766143799,-10.0
58,7,1.1930515766143799,0.48011927398406096,False,80.0,90.0,-10.0,False,1.1930515766143799,-10.0
58,10,1.1352336406707764,0.38555176341000513,False,90.0,90.0,0.0,False,1.1352336406707764,0.0
58,11,0.07142163813114166,0.10303964314396417,False,90.0,90.0,0.0,False,0.07142163813114166,0.0
59,1,1.6257134675979614,0.6542352276036845,False,60.0,60.0,0.0,False,1.6257134675979614,0.0
59,2,2.2814176082611084,0.7615559068482931,False,60.0,60.0,0.0,False,2.2814176082611084,0.0
59,3,1.8684366941452026,0.6236994909857483,False,80.0,60.0,20.0,True,1.8684366941452026,20.0
60,1,0.9815531373023987,0.39500604072436274,True,100.0,50.0,50.0,True,0.9815531373023987,50.0
60,2,1.2193071842193604,0.47537281025543393,False,83.33333333333334,50.0,33.33333333333334,True,1.2193071842193604,33.33333333333334
60,3,0.9815531373023987,0.39500604072436274,True,100.0,50.0,50.0,True,0.9815531373023987,50.0
60,4,1.6297104358673096,0.5638411153911698,False,83.33333333333334,50.0,33.33333333333334,True,1.6297104358673096,33.33333333333334
60,5,2.0093839168548584,0.8086355747111421,False,83.33333333333334,50.0,33.33333333333334,True,2.0093839168548584,33.33333333333334
60,6,1.119920253753662,0.4506890646573013,False,50.0,50.0,0.0,False,1.119920253753662,0.0
61,1,1.0872063636779785,0.43752402681635283,False,50.0,25.0,25.0,True,1.0872063636779785,25.0
61,2,1.5052132606506348,0.685052077141547,False,50.0,25.0,25.0,True,1.5052132606506348,25.0
61,3,1.622058391571045,0.6527643168041869,True,100.0,25.0,75.0,True,1.622058391571045,75.0
61,4,1.0722311735153198,0.4471551304507198,True,100.0,25.0,75.0,True,1.0722311735153198,75.0
61,5,1.7088853120803833,0.6877060400744538,True,100.0,25.0,75.0,True,1.7088853120803833,75.0
61,6,1.5191316604614258,0.5255834846542947,True,100.0,25.0,75.0,True,1.5191316604614258,75.0
61,7,1.733849287033081,0.6977522826384662,False,50.0,25.0,25.0,True,1.733849287033081,25.0
61,8,1.4709336757659912,0.6694507657243036,False,75.0,25.0,50.0,True,1.4709336757659912,50.0
62,1,1.415330410003662,0.5695708569673678,False,72.72727272727273,81.81818181818181,-9.09090909090908,False,1.415330410003662,-9.09090909090908
62,3,1.415330410003662,0.5695708569673678,False,72.72727272727273,81.81818181818181,-9.09090909090908,False,1.415330410003662,-9.09090909090908
62,4,1.5155879259109497,0.5147289302425982,False,72.72727272727273,81.81818181818181,-9.09090909090908,False,1.5155879259109497,-9.09090909090908
62,5,1.2668029069900513,0.43023574811819615,False,81.81818181818181,81.81818181818181,0.0,False,1.2668029069900513,0.0
63,1,1.4453823566436768,0.5816646499646131,False,60.0,80.0,-20.0,False,1.4453823566436768,-20.0
63,2,1.6892950534820557,0.6092843990642045,False,60.0,80.0,-20.0,False,1.6892950534820557,-20.0
63,3,0.7100432515144348,0.25609396944413754,False,60.0,80.0,-20.0,False,0.7100432515144348,-20.0
64,1,1.6059560775756836,0.6462842689534014,False,16.666666666666664,0.0,16.666666666666664,True,1.6059560775756836,16.666666666666664
64,3,1.1766419410705566,0.4587388587800612,False,83.33333333333334,0.0,83.33333333333334,True,1.1766419410705566,83.33333333333334
64,4,1.3405392169952393,0.5226376938381099,False,0.0,0.0,0.0,False,1.3405392169952393,0.0
64,6,1.6059560775756836,0.6462842689534014,False,83.33333333333334,0.0,83.33333333333334,True,1.6059560775756836,83.33333333333334
64,7,1.2122712135314941,0.676581446534103,False,0.0,0.0,0.0,False,1.2122712135314941,0.0
64,10,1.3818693161010742,0.5387511110428606,False,16.666666666666664,0.0,16.666666666666664,True,1.3818693161010742,16.666666666666664
65,1,1.1438583135604858,0.46032244859503035,False,80.0,0.0,80.0,True,1.1438583135604858,80.0
65,2,1.8998548984527588,0.6341871452347321,False,80.0,0.0,80.0,True,1.8998548984527588,80.0
65,3,1.941129446029663,0.6479649276958924,False,0.0,0.0,0.0,False,1.941129446029663,0.0
65,4,2.28192138671875,0.7617240722287876,False,0.0,0.0,0.0,False,2.28192138671875,0.0
66,1,1.0635906457901,0.42802036280954064,False,80.0,4.000000000000001,76.0,True,1.0635906457901,76.0
66,2,0.8124135732650757,0.36974535131497405,False,80.0,4.000000000000001,76.0,True,0.8124135732650757,76.0
67,1,1.4180465936660767,0.5706639296840617,False,33.33333333333333,0.0,33.33333333333333,True,1.4180465936660767,33.33333333333333
67,2,1.5727708339691162,0.5807760998407558,False,16.666666666666664,0.0,16.666666666666664,True,1.5727708339691162,16.666666666666664
67,3,1.3737099170684814,0.507268999854347,False,0.0,0.0,0.0,False,1.3737099170684814,0.0
67,4,1.6214723587036133,0.5987600813469609,False,0.0,0.0,0.0,False,1.6214723587036133,0.0
67,5,1.3737099170684814,0.507268999854347,False,0.0,0.0,0.0,False,1.3737099170684814,0.0
67,6,1.6214723587036133,0.5987600813469609,False,0.0,0.0,0.0,False,1.6214723587036133,0.0
68,1,1.6572800874710083,0.6669385699508668,False,75.0,25.0,50.0,True,1.6572800874710083,50.0
68,2,1.5370129346847534,0.5424981277563319,False,75.0,25.0,50.0,True,1.5370129346847534,50.0
68,3,0.02493533492088318,0.035974084033263555,False,37.5,25.0,12.5,True,0.02493533492088318,12.5
68,4,1.5336991548538208,0.5413285088718647,False,75.0,25.0,50.0,True,1.5336991548538208,50.0
68,5,0.02493533492088318,0.035974084033263555,False,75.0,25.0,50.0,True,0.02493533492088318,50.0
68,6,1.5330960750579834,0.5411156481647448,False,62.5,25.0,37.5,True,1.5330960750579834,37.5
68,8,1.4303315877914429,0.504844293068197,False,62.5,25.0,37.5,True,1.4303315877914429,37.5
68,9,1.6478259563446045,0.663133947701894,False,62.5,25.0,37.5,True,1.6478259563446045,37.5
69,1,1.612580418586731,0.6489500998857676,False,50.0,6.666666666666666,43.333333333333336,True,1.612580418586731,43.333333333333336
69,2,1.441514015197754,0.4811891996902687,False,33.33333333333333,6.666666666666666,26.666666666666664,True,1.441514015197754,26.666666666666664
69,3,0.032830510288476944,0.04736441438303978,False,50.0,6.666666666666666,43.333333333333336,True,0.032830510288476944,43.333333333333336
69,4,1.4562636613845825,0.48611275254478675,False,50.0,6.666666666666666,43.333333333333336,True,1.4562636613845825,43.333333333333336
69,5,1.887141227722168,0.7594414976849007,False,25.0,6.666666666666666,18.333333333333336,True,1.887141227722168,18.333333333333336
69,6,0.8494885563850403,0.28356624651816714,False,6.666666666666666,6.666666666666666,0.0,False,0.8494885563850403,0.0
70,3,2.167637825012207,0.76508104465895,False,50.0,33.33333333333333,16.66666666666667,True,2.167637825012207,16.66666666666667
70,4,1.5993839502334595,0.643639450347123,False,66.66666666666666,33.33333333333333,33.33333333333333,True,1.5993839502334595,33.33333333333333
70,5,1.2884215116500854,0.46469983135806003,False,50.0,33.33333333333333,16.66666666666667,True,1.2884215116500854,16.66666666666667
70,6,1.750197410583496,0.7043312515312453,False,66.66666666666666,33.33333333333333,33.33333333333333,True,1.750197410583496,33.33333333333333
70,8,1.5061290264129639,0.6061109082473819,False,66.66666666666666,33.33333333333333,33.33333333333333,True,1.5061290264129639,33.33333333333333
70,9,2.076904296875,0.7330560902630672,False,50.0,33.33333333333333,16.66666666666667,True,2.076904296875,16.66666666666667
70,10,0.03500615060329437,0.050503199875984985,False,66.66666666666666,33.33333333333333,33.33333333333333,True,0.03500615060329437,33.33333333333333
70,11,1.993636131286621,0.7036660812956639,False,50.0,33.33333333333333,16.66666666666667,True,1.993636131286621,16.66666666666667
71,1,1.003036379814148,0.40365153350920524,False,71.42857142857143,71.42857142857143,0.0,False,1.003036379814148,0.0
71,2,1.1655205488204956,0.4860598217287113,False,71.42857142857143,71.42857142857143,0.0,False,1.1655205488204956,0.0
71,3,1.740071177482605,0.7002561555505753,False,85.71428571428571,71.42857142857143,14.285714285714278,True,1.740071177482605,14.285714285714278
71,4,1.3144404888153076,0.4464145795228607,False,85.71428571428571,71.42857142857143,14.285714285714278,True,1.3144404888153076,14.285714285714278
72,1,0.9684574604034424,0.3897359526508033,False,66.66666666666666,66.66666666666666,0.0,False,0.9684574604034424,0.0
73,3,1.2328354120254517,0.496129467129331,True,100.0,16.666666666666664,83.33333333333334,True,1.2328354120254517,83.33333333333334
73,4,0.9254127740859985,0.5164827031636645,False,16.666666666666664,16.666666666666664,0.0,False,0.9254127740859985,0.0
73,5,2.018545627593994,0.8123225183393534,False,33.33333333333333,16.666666666666664,16.666666666666664,True,2.018545627593994,16.666666666666664
73,6,1.109330654144287,0.40010645836001824,False,33.33333333333333,16.666666666666664,16.666666666666664,True,1.109330654144287,16.666666666666664
73,7,2.018545627593994,0.8123225183393534,False,3.333333333333333,16.666666666666664,-13.333333333333332,False,2.018545627593994,-13.333333333333332
73,8,0.9929682016372681,0.35813757506562977,False,66.66666666666666,16.666666666666664,49.99999999999999,True,0.9929682016372681,49.99999999999999
73,9,2.009584426879883,0.8087162658811873,False,16.666666666666664,16.666666666666664,0.0,False,2.009584426879883,0.0
73,10,1.6363378763198853,0.6379610854926687,False,3.333333333333333,16.666666666666664,-13.333333333333332,False,1.6363378763198853,-13.333333333333332
74,1,1.1000478267669678,0.44269181172693883,False,83.33333333333334,83.33333333333334,0.0,False,1.1000478267669678,0.0
74,2,1.1240503787994385,0.4054154768008277,False,83.33333333333334,83.33333333333334,0.0,False,1.1240503787994385,0.0
74,3,1.404841423034668,0.5066894385618774,False,83.33333333333334,83.33333333333334,0.0,False,1.404841423034668,0.0
75,1,1.8318990468978882,0.7372104087105954,False,77.77777777777777,55.55555555555556,22.222222222222214,True,1.8318990468978882,22.222222222222214
75,2,1.022026538848877,0.36073052563901736,False,66.66666666666666,55.55555555555556,11.1111111111111,True,1.022026538848877,11.1111111111111
76,1,0.45851853489875793,0.1845214326010502,False,87.5,50.0,37.5,True,0.45851853489875793,37.5
76,2,1.1212129592895508,0.4512092876346912,False,75.0,50.0,25.0,True,1.1212129592895508,25.0
76,3,1.8711721897125244,0.7530150840363212,False,87.5,50.0,37.5,True,1.8711721897125244,37.5
76,4,1.1212129592895508,0.4512092876346912,False,75.0,50.0,25.0,True,1.1212129592895508,25.0
76,5,1.8711721897125244,0.7530150840363212,False,87.5,50.0,37.5,True,1.8711721897125244,37.5
76,6,1.5216119289398193,0.5932327375249696,False,87.5,50.0,37.5,True,1.5216119289398193,37.5
76,7,0.8909339904785156,0.3213365124556924,False,75.0,50.0,25.0,True,0.8909339904785156,25.0
77,1,1.7730437517166138,0.7135252955550185,False,0.0,0.0,0.0,False,1.7730437517166138,0.0
77,2,1.4551159143447876,0.4857296251705794,False,0.0,0.0,0.0,False,1.4551159143447876,0.0
77,3,1.5591778755187988,0.5204663611909038,False,0.0,0.0,0.0,False,1.5591778755187988,0.0
77,4,1.7387518882751465,0.5804096392807412,False,0.0,0.0,0.0,False,1.7387518882751465,0.0
77,5,1.793982744216919,0.5988461519255275,False,0.0,0.0,0.0,False,1.793982744216919,0.0
77,6,1.4179588556289673,0.47332629425752054,False,0.0,0.0,0.0,False,1.4179588556289673,0.0
78,1,1.3685592412948608,0.5507487540474083,False,80.0,4.000000000000001,76.0,True,1.3685592412948608,76.0
78,2,1.2385809421539307,0.5956315276616854,False,80.0,4.000000000000001,76.0,True,1.2385809421539307,76.0
78,3,0.645638108253479,0.25982388847829013,True,100.0,4.000000000000001,96.0,True,0.645638108253479,96.0
78,4,0.9954837560653687,0.37721187216895274,True,100.0,4.000000000000001,96.0,True,0.9954837560653687,96.0
78,5,1.912367343902588,0.7695932336394775,False,60.0,4.000000000000001,56.0,True,1.912367343902588,56.0
78,6,1.4549648761749268,0.5135387630540743,False,80.0,4.000000000000001,76.0,True,1.4549648761749268,76.0
78,7,2.086291790008545,0.8395855796782292,True,100.0,4.000000000000001,96.0,True,2.086291790008545,96.0
79,1,1.5365030765533447,0.6183343252288497,False,0.0,0.0,0.0,False,1.5365030765533447,0.0
79,2,1.5910779237747192,0.5738600575744239,False,0.0,0.0,0.0,False,1.5910779237747192,0.0
80,1,1.5948636531829834,0.6418203489934116,False,75.0,62.5,12.5,True,1.5948636531829834,12.5
80,2,0.9088863730430603,0.35434866205021737,False,87.5,62.5,25.0,True,0.9088863730430603,25.0
80,3,1.5948636531829834,0.6418203489934116,False,75.0,62.5,12.5,True,1.5948636531829834,12.5
80,4,1.5011241436004639,0.5414160894327704,False,87.5,62.5,25.0,True,1.5011241436004639,25.0
80,5,1.5509628057479858,0.559391587113963,False,62.5,62.5,0.0,False,1.5509628057479858,0.0
81,1,1.3147082328796387,0.5290775140353071,False,20.0,60.0,-40.0,False,1.3147082328796387,-40.0
81,2,1.2724130153656006,0.44910596585851514,False,60.0,60.0,0.0,False,1.2724130153656006,0.0
81,3,1.7027597427368164,0.6009994786693447,False,40.0,60.0,-20.0,False,1.7027597427368164,-20.0
81,4,1.130561113357544,0.3990384683629076,False,60.0,60.0,0.0,False,1.130561113357544,0.0
82,1,1.0589399337768555,0.4261487786139567,True,100.0,62.5,37.5,True,1.0589399337768555,37.5
82,2,1.2798070907592773,0.7142739372883893,False,62.5,62.5,0.0,False,1.2798070907592773,0.0
82,3,1.6885690689086914,0.6795301823723445,False,62.5,62.5,0.0,False,1.6885690689086914,0.0
82,4,1.260347604751587,0.7034133913602719,False,62.5,62.5,0.0,False,1.260347604751587,0.0
82,5,0.027537308633327484,0.0397279386047304,False,62.5,62.5,0.0,False,0.027537308633327484,0.0
83,4,1.7617073059082031,0.7089631741532436,False,57.14285714285714,28.57142857142857,28.57142857142857,True,1.7617073059082031,28.57142857142857
83,6,1.7617073059082031,0.7089631741532436,False,28.57142857142857,28.57142857142857,0.0,False,1.7617073059082031,0.0
83,7,1.5806419849395752,0.5578972682221747,False,85.71428571428571,28.57142857142857,57.14285714285714,True,1.5806419849395752,57.14285714285714
83,8,0.02682497538626194,0.03870025896172861,False,42.857142857142854,28.57142857142857,14.285714285714285,True,0.02682497538626194,14.285714285714285
83,9,1.5482454299926758,0.5464627057615453,False,57.14285714285714,28.57142857142857,28.57142857142857,True,1.5482454299926758,28.57142857142857
83,10,1.9447966814041138,0.7826437591005819,False,42.857142857142854,28.57142857142857,14.285714285714285,True,1.9447966814041138,14.285714285714285
85,1,1.2041168212890625,0.4845722560208818,False,75.0,75.0,0.0,False,1.2041168212890625,0.0
85,2,1.7647857666015625,0.7664367201764588,False,75.0,75.0,0.0,False,1.7647857666015625,0.0
86,1,1.732922911643982,0.6973794817571219,True,100.0,66.66666666666666,33.33333333333334,True,1.732922911643982,33.33333333333334
86,3,1.732922911643982,0.6973794817571219,False,83.33333333333334,66.66666666666666,16.666666666666686,True,1.732922911643982,16.666666666666686
86,4,0.6261200904846191,0.2126449537296478,False,83.33333333333334,66.66666666666666,16.666666666666686,True,0.6261200904846191,16.666666666666686
87,2,1.2689180374145508,0.4235752468992058,False,85.71428571428571,57.14285714285714,28.57142857142857,True,1.2689180374145508,28.57142857142857
87,4,1.0771363973617554,0.38018188768645833,False,42.857142857142854,57.14285714285714,-14.285714285714285,False,1.0771363973617554,-14.285714285714285
87,5,1.3074910640716553,0.5261731116471533,False,42.857142857142854,57.14285714285714,-14.285714285714285,False,1.3074910640716553,-14.285714285714285
87,6,1.3695704936981201,0.45717386222678985,False,42.857142857142854,57.14285714285714,-14.285714285714285,False,1.3695704936981201,-14.285714285714285
87,7,1.437037706375122,0.5783065156583338,False,57.14285714285714,57.14285714285714,0.0,False,1.437037706375122,0.0
87,8,1.0771363973617554,0.38018188768645833,False,57.14285714285714,57.14285714285714,0.0,False,1.0771363973617554,0.0
87,9,1.437037706375122,0.5783065156583338,False,57.14285714285714,57.14285714285714,0.0,False,1.437037706375122,0.0
87,11,1.437037706375122,0.5783065156583338,False,57.14285714285714,57.14285714285714,0.0,False,1.437037706375122,0.0
88,13,0.029519179835915565,0.04258717436038487,True,100.0,8.000000000000002,92.0,True,0.029519179835915565,92.0
88,14,0.8706753253936768,0.3215137315546444,False,0.0,8.000000000000002,-8.000000000000002,False,0.8706753253936768,-8.000000000000002
88,15,2.039639949798584,0.8208114980788497,True,100.0,8.000000000000002,92.0,True,2.039639949798584,92.0
88,17,1.2380203008651733,0.498216019893864,True,100.0,8.000000000000002,92.0,True,1.2380203008651733,92.0
88,18,0.9532535076141357,0.5320209123966995,False,60.0,8.000000000000002,52.0,True,0.9532535076141357,52.0
88,19,1.623979091644287,0.6535372633747979,True,100.0,8.000000000000002,92.0,True,1.623979091644287,92.0
88,20,0.8706753253936768,0.3215137315546444,False,20.0,8.000000000000002,11.999999999999998,True,0.8706753253936768,11.999999999999998
88,23,0.029519179835915565,0.04258717436038487,False,80.0,8.000000000000002,72.0,True,0.029519179835915565,72.0
89,5,1.6567126512527466,0.6667102168180398,False,85.71428571428571,71.42857142857143,14.285714285714278,True,1.6567126512527466,14.285714285714278
89,7,1.6567126512527466,0.6667102168180398,False,71.42857142857143,71.42857142857143,0.0,False,1.6567126512527466,0.0
89,9,1.6567126512527466,0.6667102168180398,False,42.857142857142854,71.42857142857143,-28.571428571428577,False,1.6567126512527466,-28.571428571428577
89,10,1.7978664636611938,0.6345679782403004,False,85.71428571428571,71.42857142857143,14.285714285714278,True,1.7978664636611938,14.285714285714278
89,11,0.028897784650325775,0.041690690607702204,False,85.71428571428571,71.42857142857143,14.285714285714278,True,0.028897784650325775,14.285714285714278
89,12,1.7973763942718506,0.6343950052482131,False,71.42857142857143,71.42857142857143,0.0,False,1.7973763942718506,0.0
89,13,0.028897784650325775,0.041690690607702204,True,100.0,71.42857142857143,28.57142857142857,True,0.028897784650325775,28.57142857142857
90,11,1.1634644269943237,0.453601324957844,False,85.71428571428571,71.42857142857143,14.285714285714278,True,1.1634644269943237,14.285714285714278
90,12,0.8384203910827637,0.317696922182814,False,71.42857142857143,71.42857142857143,0.0,False,0.8384203910827637,0.0
90,13,1.6475380659103394,0.6423277173553495,False,85.71428571428571,71.42857142857143,14.285714285714278,True,1.6475380659103394,14.285714285714278
90,14,1.8158423900604248,0.7307487346518,False,71.42857142857143,71.42857142857143,0.0,False,1.8158423900604248,0.0
90,15,1.6475380659103394,0.6423277173553495,False,85.71428571428571,71.42857142857143,14.285714285714278,True,1.6475380659103394,14.285714285714278
90,16,1.4783315658569336,0.5763589684749174,False,71.42857142857143,71.42857142857143,0.0,False,1.4783315658569336,0.0
90,18,1.8430646657943726,0.7185579163318864,False,71.42857142857143,71.42857142857143,0.0,False,1.8430646657943726,0.0
90,20,1.8430646657943726,0.7185579163318864,False,71.42857142857143,71.42857142857143,0.0,False,1.8430646657943726,0.0
91,1,1.9252760410308838,0.7747880755179027,False,63.63636363636363,6.363636363636365,57.272727272727266,True,1.9252760410308838,57.272727272727266
91,2,1.1139869689941406,0.4113612696473404,False,6.363636363636365,6.363636363636365,0.0,False,1.1139869689941406,0.0
92,1,1.8010133504867554,0.7247810901228054,False,71.42857142857143,57.14285714285714,14.285714285714292,True,1.8010133504867554,14.285714285714292
92,3,1.8010133504867554,0.7247810901228054,False,57.14285714285714,57.14285714285714,0.0,False,1.8010133504867554,0.0
92,4,0.927048921585083,0.44581629394408695,False,57.14285714285714,57.14285714285714,0.0,False,0.927048921585083,0.0
92,5,0.6108201742172241,0.29374241207270735,False,57.14285714285714,57.14285714285714,0.0,False,0.6108201742172241,0.0
92,6,1.0578181743621826,0.5087030114381793,False,42.857142857142854,57.14285714285714,-14.285714285714285,False,1.0578181743621826,-14.285714285714285
94,16,1.0873403549194336,0.4375779488586422,False,50.0,50.0,0.0,False,1.0873403549194336,0.0
94,19,2.225937843322754,0.8957832856669524,False,50.0,50.0,0.0,False,2.225937843322754,0.0
94,21,2.18931245803833,0.8810441463566091,False,33.33333333333333,50.0,-16.66666666666667,False,2.18931245803833,-16.66666666666667
94,22,1.3625075817108154,0.5682097951345281,False,50.0,50.0,0.0,False,1.3625075817108154,0.0
94,23,0.027986867353320122,0.04037651474065217,False,50.0,50.0,0.0,False,0.027986867353320122,0.0
94,24,1.3625075817108154,0.5682097951345281,False,50.0,50.0,0.0,False,1.3625075817108154,0.0
94,25,2.139498710632324,0.860997619695233,False,83.33333333333334,50.0,33.33333333333334,True,2.139498710632324,33.33333333333334
94,29,2.18931245803833,0.8810441463566091,False,50.0,50.0,0.0,False,2.18931245803833,0.0
95,1,1.292876958847046,0.5202919630632191,False,50.0,50.0,0.0,False,1.292876958847046,0.0
95,3,1.292876958847046,0.5202919630632191,False,66.66666666666666,50.0,16.666666666666657,True,1.292876958847046,16.666666666666657
95,5,1.292876958847046,0.5202919630632191,False,66.66666666666666,50.0,16.666666666666657,True,1.292876958847046,16.666666666666657
95,6,0.2316543161869049,0.07732811046965873,False,66.66666666666666,50.0,16.666666666666657,True,0.2316543161869049,16.666666666666657
96,1,1.01894211769104,0.41005247331040423,False,33.33333333333333,33.33333333333333,0.0,False,1.01894211769104,0.0
97,1,1.275410771369934,0.513263052146746,False,66.66666666666666,77.77777777777777,-11.111111111111114,False,1.275410771369934,-11.111111111111114
97,2,1.2908146381378174,0.5383115154280371,False,66.66666666666666,77.77777777777777,-11.111111111111114,False,1.2908146381378174,-11.111111111111114
98,3,1.4973472356796265,0.6025768556768007,False,90.0,60.0,30.0,True,1.4973472356796265,30.0
98,5,1.4973472356796265,0.6025768556768007,False,90.0,60.0,30.0,True,1.4973472356796265,30.0
98,7,1.4973472356796265,0.6025768556768007,False,60.0,60.0,0.0,False,1.4973472356796265,0.0
98,8,1.3612911701202393,0.5158247813883977,False,50.0,60.0,-10.0,False,1.3612911701202393,-10.0
99,1,0.8105444312095642,0.32618707478557224,True,100.0,42.857142857142854,57.142857142857146,True,0.8105444312095642,57.142857142857146
99,2,1.075792670249939,0.4194206279825434,False,71.42857142857143,42.857142857142854,28.571428571428577,True,1.075792670249939,28.571428571428577
99,3,1.2688301801681519,0.4946804023545634,False,85.71428571428571,42.857142857142854,42.857142857142854,True,1.2688301801681519,42.857142857142854
99,4,1.1664067506790161,0.4547484523567274,False,85.71428571428571,42.857142857142854,42.857142857142854,True,1.1664067506790161,42.857142857142854
99,5,0.979600727558136,0.3819181555021504,False,71.42857142857143,42.857142857142854,28.571428571428577,True,0.979600727558136,28.571428571428577
99,6,1.4935252666473389,0.5167242803861472,False,71.42857142857143,42.857142857142854,28.571428571428577,True,1.4935252666473389,28.571428571428577
100,1,1.4518699645996094,0.5842754554677037,False,83.33333333333334,0.0,83.33333333333334,True,1.4518699645996094,83.33333333333334
100,2,2.4938437938690186,0.8324655096466427,True,100.0,0.0,100.0,True,2.4938437938690186,100.0
100,3,1.4827171564102173,0.5966892786643374,False,83.33333333333334,0.0,83.33333333333334,True,1.4827171564102173,83.33333333333334
100,4,1.288333535194397,0.7190326365343283,False,16.666666666666664,0.0,16.666666666666664,True,1.288333535194397,16.666666666666664
100,5,1.9042024612426758,0.7663074431408249,False,83.33333333333334,0.0,83.33333333333334,True,1.9042024612426758,83.33333333333334
100,6,1.03992760181427,0.3670488154363415,False,50.0,0.0,50.0,True,1.03992760181427,50.0
101,1,1.5681939125061035,0.6310876558038484,False,66.66666666666666,0.0,66.66666666666666,True,1.5681939125061035,66.66666666666666
101,2,1.0767574310302734,0.4080083516742894,False,66.66666666666666,0.0,66.66666666666666,True,1.0767574310302734,66.66666666666666
101,3,2.045689344406128,0.8232459535575132,False,66.66666666666666,0.0,66.66666666666666,True,2.045689344406128,66.66666666666666
101,4,1.2937321662902832,0.46661524513638186,False,0.0,0.0,0.0,False,1.2937321662902832,0.0
103,1,1.6034297943115234,0.6452676177788489,False,60.0,60.0,0.0,False,1.6034297943115234,0.0
103,3,1.6034297943115234,0.6452676177788489,False,60.0,60.0,0.0,False,1.6034297943115234,0.0
103,4,1.090444564819336,0.3639993381403491,False,60.0,60.0,0.0,False,1.090444564819336,0.0
103,5,1.60354745388031,0.5352772903093705,False,60.0,60.0,0.0,False,1.60354745388031,0.0
103,6,0.07874596863985062,0.11360641844671032,False,60.0,60.0,0.0,False,0.07874596863985062,0.0
103,7,1.7356116771697998,0.5793614110618619,False,60.0,60.0,0.0,False,1.7356116771697998,0.0
103,8,1.5633878707885742,0.5218716921368434,False,60.0,60.0,0.0,False,1.5633878707885742,0.0
104,1,1.349658489227295,0.5431425318703385,False,83.33333333333334,3.333333333333333,80.00000000000001,True,1.349658489227295,80.00000000000001
104,2,1.3641051054000854,0.491996917703005,False,66.66666666666666,3.333333333333333,63.33333333333332,True,1.3641051054000854,63.33333333333332
104,3,1.881019115447998,0.7569777784644253,False,66.66666666666666,3.333333333333333,63.33333333333332,True,1.881019115447998,63.33333333333332
104,4,1.1102170944213867,0.3918579222953702,False,5.0,3.333333333333333,1.666666666666667,False,1.1102170944213867,1.666666666666667
104,5,0.5575178265571594,0.1967793310471212,False,3.333333333333333,3.333333333333333,0.0,False,0.5575178265571594,0.0
105,1,0.8874253630638123,0.35712623777618485,False,71.42857142857143,71.42857142857143,0.0,False,0.8874253630638123,0.0
105,2,1.4268977642059326,0.4763101752457774,False,71.42857142857143,71.42857142857143,0.0,False,1.4268977642059326,0.0
105,3,1.2736961841583252,0.4251702314664034,False,71.42857142857143,71.42857142857143,0.0,False,1.2736961841583252,0.0
106,1,1.161302089691162,0.46734234052222384,False,66.66666666666666,41.66666666666667,24.999999999999986,True,1.161302089691162,24.999999999999986
106,2,1.4641845226287842,0.4887568009846711,False,66.66666666666666,41.66666666666667,24.999999999999986,True,1.4641845226287842,24.999999999999986
106,3,1.8081167936325073,0.603564213529484,False,41.66666666666667,41.66666666666667,0.0,False,1.8081167936325073,0.0
107,1,1.2318154573440552,0.4957190071704092,False,80.0,80.0,0.0,False,1.2318154573440552,0.0
107,2,1.7680754661560059,0.6117121305679196,True,100.0,80.0,20.0,True,1.7680754661560059,20.0
108,1,1.5311967134475708,0.6161988876234867,False,50.0,50.0,0.0,False,1.5311967134475708,0.0
108,2,1.3879480361938477,0.480197065447423,False,66.66666666666666,50.0,16.666666666666657,True,1.3879480361938477,16.666666666666657
109,1,0.9640872478485107,0.3879772497412576,False,44.44444444444444,6.666666666666666,37.77777777777778,True,0.9640872478485107,37.77777777777778
109,2,1.3702352046966553,0.5059858949952082,False,5.555555555555555,6.666666666666666,-1.1111111111111107,False,1.3702352046966553,-1.1111111111111107
109,3,1.6972687244415283,0.6830311813066824,False,55.55555555555556,6.666666666666666,48.88888888888889,True,1.6972687244415283,48.88888888888889
109,4,1.31520414352417,0.5127602771954114,False,66.66666666666666,6.666666666666666,59.99999999999999,True,1.31520414352417,59.99999999999999
109,5,1.28480863571167,0.5009099427145071,False,66.66666666666666,6.666666666666666,59.99999999999999,True,1.28480863571167,59.99999999999999
109,6,1.3788419961929321,0.5375708460604992,False,55.55555555555556,6.666666666666666,48.88888888888889,True,1.3788419961929321,48.88888888888889
109,7,1.2949490547180176,0.5048634004998815,False,55.55555555555556,6.666666666666666,48.88888888888889,True,1.2949490547180176,48.88888888888889
109,11,1.5911426544189453,0.5875602504603978,False,6.666666666666666,6.666666666666666,0.0,False,1.5911426544189453,0.0
110,2,1.661383867263794,0.5545835593955828,False,70.0,70.0,0.0,False,1.661383867263794,0.0
110,3,1.4133906364440918,0.5687902346611995,False,60.0,70.0,-10.0,False,1.4133906364440918,-10.0
110,4,1.4352214336395264,0.5595515675443695,False,60.0,70.0,-10.0,False,1.4352214336395264,-10.0
110,5,0.8633641004562378,0.2881980169182424,False,70.0,70.0,0.0,False,0.8633641004562378,0.0
110,6,1.2967714071273804,0.5055738833030065,False,70.0,70.0,0.0,False,1.2967714071273804,0.0
110,7,1.622830867767334,0.632695091248666,False,60.0,70.0,-10.0,False,1.622830867767334,-10.0
110,8,1.425795078277588,0.5558765026412296,False,80.0,70.0,10.0,False,1.425795078277588,10.0
110,11,1.4451696872711182,0.5476082959826438,False,70.0,70.0,0.0,False,1.4451696872711182,0.0
111,1,1.5050466060638428,0.6056753102545103,False,60.0,60.0,0.0,False,1.5050466060638428,0.0
111,2,1.5494863986968994,0.5469007132652255,True,100.0,60.0,40.0,True,1.5494863986968994,40.0
112,1,0.40260499715805054,0.16202016972846797,False,71.42857142857143,42.857142857142854,28.571428571428577,True,0.40260499715805054,28.571428571428577
112,2,1.4509345293045044,0.5233140125205428,False,71.42857142857143,42.857142857142854,28.571428571428577,True,1.4509345293045044,28.571428571428577
112,3,0.03731983155012131,0.053841135904171486,False,85.71428571428571,42.857142857142854,42.857142857142854,True,0.03731983155012131,42.857142857142854
112,4,1.3236284255981445,0.47739804139752734,False,71.42857142857143,42.857142857142854,28.571428571428577,True,1.3236284255981445,28.571428571428577
112,5,1.318564772605896,0.5306294997916277,False,57.14285714285714,42.857142857142854,14.285714285714285,True,1.318564772605896,14.285714285714285
113,1,0.9644758105278015,0.3881336188665621,False,10.0,33.33333333333333,-23.33333333333333,False,0.9644758105278015,-23.33333333333333
113,2,1.163825273513794,0.6495432525969602,False,33.33333333333333,33.33333333333333,0.0,False,1.163825273513794,0.0
113,3,0.04361504316329956,0.06292320647985036,False,33.33333333333333,33.33333333333333,0.0,False,0.04361504316329956,0.0
115,1,1.1471236944198608,0.46163653452242465,False,60.0,60.0,0.0,False,1.1471236944198608,0.0
115,2,2.1950998306274414,0.7327423248083788,False,60.0,60.0,0.0,False,2.1950998306274414,0.0
115,3,2.261378049850464,0.7548665379125068,False,60.0,60.0,0.0,False,2.261378049850464,0.0
115,4,2.251755952835083,0.7516546030208866,False,60.0,60.0,0.0,False,2.251755952835083,0.0
115,5,0.1303197741508484,0.18801169189719869,False,60.0,60.0,0.0,False,0.1303197741508484,0.0
116,8,1.1489310264587402,0.44793516999330046,False,3.7500000000000004,37.5,-33.75,False,1.1489310264587402,-33.75
116,9,1.710996150970459,0.667068199999,False,3.7500000000000004,37.5,-33.75,False,1.710996150970459,-33.75
116,10,1.2939660549163818,0.7221762056454275,False,31.25,37.5,-6.25,False,1.2939660549163818,-6.25
116,11,1.6042203903198242,0.6254394012314844,False,3.7500000000000004,37.5,-33.75,False,1.6042203903198242,-33.75
116,12,1.5174696445465088,0.6906301978408581,False,0.0,37.5,-37.5,False,1.5174696445465088,-37.5
116,13,1.6415616273880005,0.6399976758264776,False,2.5,37.5,-35.0,False,1.6415616273880005,-35.0
116,14,1.2404248714447021,0.483605989270805,False,18.75,37.5,-18.75,False,1.2404248714447021,-18.75
116,15,1.6451733112335205,0.6414057675047844,False,3.7500000000000004,37.5,-33.75,False,1.6451733112335205,-33.75
117,1,0.9460310935974121,0.38071091872933044,False,81.81818181818181,27.27272727272727,54.54545454545455,True,0.9460310935974121,54.54545454545455
117,2,1.4913625717163086,0.4978290566489871,False,72.72727272727273,27.27272727272727,45.45454545454547,True,1.4913625717163086,45.45454545454547
117,3,1.0767652988433838,0.4333222332256417,False,18.181818181818183,27.27272727272727,-9.090909090909086,False,1.0767652988433838,-9.090909090909086
117,4,1.3803375959396362,0.5381539373961443,False,90.9090909090909,27.27272727272727,63.63636363636364,True,1.3803375959396362,63.63636363636364
117,6,0.9460310935974121,0.38071091872933044,False,27.27272727272727,27.27272727272727,0.0,False,0.9460310935974121,0.0
117,7,1.41164231300354,0.4712177805291113,False,81.81818181818181,27.27272727272727,54.54545454545455,True,1.41164231300354,54.54545454545455
117,8,1.0767652988433838,0.4333222332256417,False,81.81818181818181,27.27272727272727,54.54545454545455,True,1.0767652988433838,54.54545454545455
118,1,1.2217355966567993,0.4916625728218127,False,62.5,25.0,37.5,True,1.2217355966567993,37.5
118,2,1.3375420570373535,0.49391331685541034,False,62.5,25.0,37.5,True,1.3375420570373535,37.5
118,3,1.2337247133255005,0.4964873482996859,False,62.5,25.0,37.5,True,1.2337247133255005,37.5
118,4,1.3331468105316162,0.5051602311064506,False,50.0,25.0,25.0,True,1.3331468105316162,25.0
118,5,1.2788095474243164,0.4845705824855085,False,25.0,25.0,0.0,False,1.2788095474243164,0.0
119,1,0.4052096903324127,0.16306837537216262,False,33.33333333333333,0.0,33.33333333333333,True,0.4052096903324127,33.33333333333333
119,2,1.203628659248352,0.6717579451481355,False,66.66666666666666,0.0,66.66666666666666,True,1.203628659248352,66.66666666666666
119,3,2.1551566123962402,0.8672988229075355,False,66.66666666666666,0.0,66.66666666666666,True,2.1551566123962402,66.66666666666666
119,4,1.27238130569458,0.7101295277332962,False,0.0,0.0,0.0,False,1.27238130569458,0.0
119,5,2.0960607528686523,0.8435168995372432,False,33.33333333333333,0.0,33.33333333333333,True,2.0960607528686523,33.33333333333333
121,1,1.2668101787567139,0.5098019190639582,False,72.72727272727273,81.81818181818181,-9.09090909090908,False,1.2668101787567139,-9.09090909090908
121,2,1.3747961521148682,0.5359934877916919,False,81.81818181818181,81.81818181818181,0.0,False,1.3747961521148682,0.0
121,3,1.2668101787567139,0.5098019190639582,False,81.81818181818181,81.81818181818181,0.0,False,1.2668101787567139,0.0
121,4,1.5358375310897827,0.5819644438393798,False,81.81818181818181,81.81818181818181,0.0,False,1.5358375310897827,0.0
121,5,1.316536545753479,0.4988662167280063,False,81.81818181818181,81.81818181818181,0.0,False,1.316536545753479,0.0
122,1,0.4504545331001282,0.18127623954749314,False,75.0,25.0,50.0,True,0.4504545331001282,50.0
122,2,1.6649186611175537,0.8006566319592625,False,75.0,25.0,50.0,True,1.6649186611175537,50.0
122,3,0.06328420341014862,0.09129980642642985,False,75.0,25.0,50.0,True,0.06328420341014862,50.0
122,4,1.6649186611175537,0.8006566319592625,False,75.0,25.0,50.0,True,1.6649186611175537,50.0
122,5,1.2841413021087646,0.516776476178017,False,75.0,25.0,50.0,True,1.2841413021087646,50.0
122,6,1.6649186611175537,0.8006566319592625,False,75.0,25.0,50.0,True,1.6649186611175537,50.0
122,7,1.2841413021087646,0.516776476178017,False,75.0,25.0,50.0,True,1.2841413021087646,50.0
122,8,1.1583963632583618,0.6465133200928106,False,25.0,25.0,0.0,False,1.1583963632583618,0.0
123,3,1.5902690887451172,0.6200001899136772,False,90.9090909090909,72.72727272727273,18.181818181818173,True,1.5902690887451172,18.181818181818173
123,5,1.593125820159912,0.6211139473477117,False,90.9090909090909,72.72727272727273,18.181818181818173,True,1.593125820159912,18.181818181818173
123,6,1.134531855583191,0.44232134731346406,True,100.0,72.72727272727273,27.272727272727266,True,1.134531855583191,27.272727272727266
123,7,1.8546444177627563,0.7463638193092627,False,72.72727272727273,72.72727272727273,0.0,False,1.8546444177627563,0.0
123,8,1.134531855583191,0.44232134731346406,False,72.72727272727273,72.72727272727273,0.0,False,1.134531855583191,0.0
123,9,1.8546444177627563,0.7463638193092627,False,81.81818181818181,72.72727272727273,9.09090909090908,False,1.8546444177627563,9.09090909090908
123,10,1.3099634647369385,0.49637552395571294,False,72.72727272727273,72.72727272727273,0.0,False,1.3099634647369385,0.0
123,11,1.377165675163269,0.5218399993470557,False,72.72727272727273,72.72727272727273,0.0,False,1.377165675163269,0.0
124,1,0.675186276435852,0.27171494611013075,False,55.55555555555556,33.33333333333333,22.22222222222223,True,0.675186276435852,22.22222222222223
124,2,1.1734782457351685,0.6549306789715134,False,33.33333333333333,33.33333333333333,0.0,False,1.1734782457351685,0.0
124,3,1.576648235321045,0.6344899255895816,False,55.55555555555556,33.33333333333333,22.22222222222223,True,1.576648235321045,22.22222222222223
124,5,0.675186276435852,0.27171494611013075,False,55.55555555555556,33.33333333333333,22.22222222222223,True,0.675186276435852,22.22222222222223
125,3,1.696332573890686,0.682654446610865,False,50.0,0.0,50.0,True,1.696332573890686,50.0
125,5,1.7440109252929688,0.7018416267032642,False,50.0,0.0,50.0,True,1.7440109252929688,50.0
125,6,1.0548673868179321,0.39971370647401533,False,37.5,0.0,37.5,True,1.0548673868179321,37.5
125,8,0.5059499740600586,0.20360924789799395,False,37.5,0.0,37.5,True,0.5059499740600586,37.5
125,9,1.0548673868179321,0.39971370647401533,False,50.0,0.0,50.0,True,1.0548673868179321,50.0
125,10,1.696332573890686,0.682654446610865,False,62.5,0.0,62.5,True,1.696332573890686,62.5
125,12,0.5059499740600586,0.20360924789799395,False,50.0,0.0,50.0,True,0.5059499740600586,50.0
125,13,1.0548673868179321,0.39971370647401533,False,37.5,0.0,37.5,True,1.0548673868179321,37.5
126,1,0.7482305765151978,0.3011101348934106,False,33.33333333333333,16.666666666666664,16.666666666666664,True,0.7482305765151978,16.666666666666664
126,2,1.4301949739456177,0.5047960743747083,True,100.0,16.666666666666664,83.33333333333334,True,1.4301949739456177,83.33333333333334
126,3,0.20392493903636932,0.2942014982613542,True,100.0,16.666666666666664,83.33333333333334,True,0.20392493903636932,83.33333333333334
126,4,1.4301949739456177,0.5047960743747083,True,100.0,16.666666666666664,83.33333333333334,True,1.4301949739456177,83.33333333333334
126,5,1.7488515377044678,0.7037896324409897,False,83.33333333333334,16.666666666666664,66.66666666666669,True,1.7488515377044678,66.66666666666669
126,6,1.6244218349456787,0.5516914585221075,True,100.0,16.666666666666664,83.33333333333334,True,1.6244218349456787,83.33333333333334
126,7,1.6915098428726196,0.6807136368752246,False,83.33333333333334,16.666666666666664,66.66666666666669,True,1.6915098428726196,66.66666666666669
127,1,0.8052220344543457,0.32404518476500643,False,80.0,80.0,0.0,False,0.8052220344543457,0.0
127,2,1.989878535270691,0.717696973701605,False,80.0,80.0,0.0,False,1.989878535270691,0.0
127,3,0.6382973790168762,0.2302171158300176,False,80.0,80.0,0.0,False,0.6382973790168762,0.0
127,4,0.03173613175749779,0.0457855599035408,False,80.0,80.0,0.0,False,0.03173613175749779,0.0
128,1,0.8473179340362549,0.34098582097985203,False,66.66666666666666,50.0,16.666666666666657,True,0.8473179340362549,16.666666666666657
128,3,1.1355869770050049,0.442732708816078,True,100.0,50.0,50.0,True,1.1355869770050049,50.0
128,4,1.129241943359375,0.440258962647495,False,50.0,50.0,0.0,False,1.129241943359375,0.0
128,5,1.1355869770050049,0.442732708816078,False,66.66666666666666,50.0,16.666666666666657,True,1.1355869770050049,16.666666666666657
128,6,1.1391777992248535,0.44413266714640637,True,100.0,50.0,50.0,True,1.1391777992248535,50.0
128,7,1.1932611465454102,0.46521820911362927,False,66.66666666666666,50.0,16.666666666666657,True,1.1932611465454102,16.666666666666657
128,8,1.2514013051986694,0.432955138653007,False,83.33333333333334,50.0,33.33333333333334,True,1.2514013051986694,33.33333333333334
128,9,1.8512033224105835,0.640472395065897,False,50.0,50.0,0.0,False,1.8512033224105835,0.0
129,3,1.5638154745101929,0.6096866863905103,False,57.14285714285714,28.57142857142857,28.57142857142857,True,1.5638154745101929,28.57142857142857
129,11,1.7333295345306396,0.6975431188445322,False,57.14285714285714,28.57142857142857,28.57142857142857,True,1.7333295345306396,28.57142857142857
129,12,2.265712261199951,0.7694886113215924,False,57.14285714285714,28.57142857142857,28.57142857142857,True,2.265712261199951,28.57142857142857
129,13,0.036974597722291946,0.05334306877281495,False,57.14285714285714,28.57142857142857,28.57142857142857,True,0.036974597722291946,28.57142857142857
129,14,2.1956491470336914,0.7456935472492867,False,57.14285714285714,28.57142857142857,28.57142857142857,True,2.1956491470336914,28.57142857142857
129,16,0.036974597722291946,0.05334306877281495,False,57.14285714285714,28.57142857142857,28.57142857142857,True,0.036974597722291946,28.57142857142857
129,23,1.5638154745101929,0.6096866863905103,False,57.14285714285714,28.57142857142857,28.57142857142857,True,1.5638154745101929,28.57142857142857
129,24,1.3410104513168335,0.522821414549875,False,28.57142857142857,28.57142857142857,0.0,False,1.3410104513168335,0.0
130,3,1.0769834518432617,0.41988487948515446,False,83.33333333333334,66.66666666666666,16.666666666666686,True,1.0769834518432617,16.666666666666686
130,10,0.7276074886322021,0.6622968777404712,False,66.66666666666666,66.66666666666666,0.0,False,0.7276074886322021,0.0
130,11,1.0366857051849365,0.40417394681465263,True,100.0,66.66666666666666,33.33333333333334,True,1.0366857051849365,33.33333333333334
130,12,0.7276074886322021,0.6622968777404712,False,66.66666666666666,66.66666666666666,0.0,False,0.7276074886322021,0.0
130,13,1.0366857051849365,0.40417394681465263,False,66.66666666666666,66.66666666666666,0.0,False,1.0366857051849365,0.0
130,14,0.7276074886322021,0.6622968777404712,False,66.66666666666666,66.66666666666666,0.0,False,0.7276074886322021,0.0
130,21,1.2936092615127563,0.5043410536545672,True,100.0,66.66666666666666,33.33333333333334,True,1.2936092615127563,33.33333333333334
130,22,1.0769834518432617,0.41988487948515446,False,66.66666666666666,66.66666666666666,0.0,False,1.0769834518432617,0.0
131,1,0.2295137643814087,0.09236313340019821,False,66.66666666666666,50.0,16.666666666666657,True,0.2295137643814087,16.666666666666657
131,2,1.3611735105514526,0.4543708803913317,False,58.33333333333334,50.0,8.333333333333343,False,1.3611735105514526,8.333333333333343
132,1,1.5416977405548096,0.6204248118078558,False,71.42857142857143,85.71428571428571,-14.285714285714278,False,1.5416977405548096,-14.285714285714278
132,2,1.6468753814697266,0.5939847364521236,False,85.71428571428571,85.71428571428571,0.0,False,1.6468753814697266,0.0
133,1,2.1522939205169678,0.8661467909470928,False,42.857142857142854,28.57142857142857,14.285714285714285,True,2.1522939205169678,14.285714285714285
133,3,2.1522939205169678,0.8661467909470928,False,42.857142857142854,28.57142857142857,14.285714285714285,True,2.1522939205169678,14.285714285714285
133,4,0.5634511113166809,0.1949407060795543,False,28.57142857142857,28.57142857142857,0.0,False,0.5634511113166809,0.0
134,1,1.3312561511993408,0.5357368862580479,False,83.33333333333334,83.33333333333334,0.0,False,1.3312561511993408,0.0
134,3,1.3312561511993408,0.5357368862580479,True,100.0,83.33333333333334,16.666666666666657,True,1.3312561511993408,16.666666666666657
134,4,0.8233006000518799,0.27961204354282565,False,83.33333333333334,83.33333333333334,0.0,False,0.8233006000518799,0.0
134,5,1.840646505355835,0.7407306449571736,False,83.33333333333334,83.33333333333334,0.0,False,1.840646505355835,0.0
134,6,1.3338295221328735,0.5054189263585757,False,83.33333333333334,83.33333333333334,0.0,False,1.3338295221328735,0.0
135,12,1.6688328981399536,0.6715877629778688,False,90.0,70.0,20.0,True,1.6688328981399536,20.0
135,18,1.0871586799621582,0.42385190834258446,False,90.0,70.0,20.0,True,1.0871586799621582,20.0
135,19,1.2865562438964844,0.501591284893732,False,80.0,70.0,10.0,False,1.2865562438964844,10.0
135,20,1.6688328981399536,0.6715877629778688,False,90.0,70.0,20.0,True,1.6688328981399536,20.0
135,21,1.2865562438964844,0.501591284893732,False,70.0,70.0,0.0,False,1.2865562438964844,0.0
135,22,1.0871586799621582,0.42385190834258446,False,90.0,70.0,20.0,True,1.0871586799621582,20.0
135,23,1.143004059791565,0.44562441611820597,False,90.0,70.0,20.0,True,1.143004059791565,20.0
135,28,1.6688328981399536,0.6715877629778688,False,80.0,70.0,10.0,False,1.6688328981399536,10.0
136,1,1.508894920349121,0.6072239858498718,False,50.0,60.0,-10.0,False,1.508894920349121,-10.0
136,2,1.7384834289550781,0.6777846992954316,False,60.0,60.0,0.0,False,1.7384834289550781,0.0
136,3,1.2837692499160767,0.474056666081584,False,40.0,60.0,-20.0,False,1.2837692499160767,-20.0
136,4,1.5652925968170166,0.5780146158959398,False,70.0,60.0,10.0,False,1.5652925968170166,10.0
136,5,0.030417105183005333,0.04388260680571978,False,70.0,60.0,10.0,False,0.030417105183005333,10.0
136,6,1.5652925968170166,0.5780146158959398,False,70.0,60.0,10.0,False,1.5652925968170166,10.0
136,8,1.5652925968170166,0.5780146158959398,False,70.0,60.0,10.0,False,1.5652925968170166,10.0
136,9,1.6579546928405762,0.6122318900018058,False,60.0,60.0,0.0,False,1.6579546928405762,0.0
137,36,1.504658579826355,0.5866231141949236,False,66.66666666666666,0.0,66.66666666666666,True,1.504658579826355,66.66666666666666
137,37,1.0086373090744019,0.4380456175727575,False,66.66666666666666,0.0,66.66666666666666,True,1.0086373090744019,66.66666666666666
137,38,1.5233211517333984,0.5938991143439142,False,66.66666666666666,0.0,66.66666666666666,True,1.5233211517333984,66.66666666666666
137,39,1.3675239086151123,0.5331582491626715,False,83.33333333333334,0.0,83.33333333333334,True,1.3675239086151123,83.33333333333334
137,40,1.5233211517333984,0.5938991143439142,False,83.33333333333334,0.0,83.33333333333334,True,1.5233211517333984,83.33333333333334
137,41,1.5338633060455322,0.6172720034277318,False,66.66666666666666,0.0,66.66666666666666,True,1.5338633060455322,66.66666666666666
137,42,1.0458465814590454,0.4542053992450432,False,50.0,0.0,50.0,True,1.0458465814590454,50.0
137,44,1.0253243446350098,0.3698075868269138,False,83.33333333333334,0.0,83.33333333333334,True,1.0253243446350098,83.33333333333334
138,1,0.5902732014656067,0.237543410943009,True,100.0,87.5,12.5,True,0.5902732014656067,12.5
138,3,0.5902732014656067,0.237543410943009,False,87.5,87.5,0.0,False,0.5902732014656067,0.0
138,4,1.063883900642395,0.41477774114623966,True,100.0,87.5,12.5,True,1.063883900642395,12.5
138,5,1.0626474618911743,0.4142956892306243,False,87.5,87.5,0.0,False,1.0626474618911743,0.0
138,6,1.063883900642395,0.41477774114623966,False,87.5,87.5,0.0,False,1.063883900642395,0.0
138,7,1.0626474618911743,0.4142956892306243,False,87.5,87.5,0.0,False,1.0626474618911743,0.0
138,8,1.063883900642395,0.41477774114623966,True,100.0,87.5,12.5,True,1.063883900642395,12.5
138,11,1.1478967666625977,0.38985245569176746,True,100.0,87.5,12.5,True,1.1478967666625977,12.5
139,1,0.4853841960430145,0.19533296998679006,False,60.0,40.0,20.0,True,0.4853841960430145,20.0
139,2,1.4868800640106201,0.5049790722548954,False,60.0,40.0,20.0,True,1.4868800640106201,20.0
140,1,1.2550910711288452,0.5050858032175668,False,0.0,0.0,0.0,False,1.2550910711288452,0.0
140,2,1.5804059505462646,0.5835955145525071,False,0.0,0.0,0.0,False,1.5804059505462646,0.0
141,1,2.0130393505096436,0.8101066294306813,False,37.5,50.0,-12.5,False,2.0130393505096436,-12.5
141,2,1.4443459510803223,0.49970940490078297,False,50.0,50.0,0.0,False,1.4443459510803223,0.0
141,3,1.7664679288864136,0.7108789897749759,False,50.0,50.0,0.0,False,1.7664679288864136,0.0
141,4,1.7115590572357178,0.5921587949923516,False,50.0,50.0,0.0,False,1.7115590572357178,0.0
141,5,1.5981528759002686,0.5529229489370349,False,62.5,50.0,12.5,True,1.5981528759002686,12.5
142,1,1.8389803171157837,0.7400601214829041,False,80.0,80.0,0.0,False,1.8389803171157837,0.0
142,2,1.254876971244812,0.47550197457353355,False,80.0,80.0,0.0,False,1.254876971244812,0.0
142,3,1.66365647315979,0.6695046163209892,False,80.0,80.0,0.0,False,1.66365647315979,0.0
142,4,1.2327566146850586,0.4552192622512357,False,80.0,80.0,0.0,False,1.2327566146850586,0.0
142,5,1.285200595855713,0.47458521829935807,False,80.0,80.0,0.0,False,1.285200595855713,0.0
142,6,1.3788418769836426,0.5091640754748331,False,80.0,80.0,0.0,False,1.3788418769836426,0.0
143,1,1.3825939893722534,0.5563967521637923,False,66.66666666666666,33.33333333333333,33.33333333333333,True,1.3825939893722534,33.33333333333333
143,2,2.1050631999969482,0.7283018851281524,False,66.66666666666666,33.33333333333333,33.33333333333333,True,2.1050631999969482,33.33333333333333
144,1,1.7794275283813477,0.7160943162726694,False,55.55555555555556,44.44444444444444,11.111111111111114,True,1.7794275283813477,11.111111111111114
144,2,1.1393978595733643,0.4207447332806516,False,55.55555555555556,44.44444444444444,11.111111111111114,True,1.1393978595733643,11.111111111111114
144,3,1.687638521194458,0.6231932186883272,False,55.55555555555556,44.44444444444444,11.111111111111114,True,1.687638521194458,11.111111111111114
144,4,1.024706482887268,0.3783927205153729,False,55.55555555555556,44.44444444444444,11.111111111111114,True,1.024706482887268,11.111111111111114
144,5,0.17770887911319733,0.2563797186185461,False,55.55555555555556,44.44444444444444,11.111111111111114,True,0.17770887911319733,11.111111111111114
144,6,1.024706482887268,0.3783927205153729,False,55.55555555555556,44.44444444444444,11.111111111111114,True,1.024706482887268,11.111111111111114
145,2,1.3695412874221802,0.5339447671503267,False,25.0,6.25,18.75,True,1.3695412874221802,18.75
145,3,1.7972062826156616,0.7232490133055864,False,6.25,6.25,0.0,False,1.7972062826156616,0.0
145,5,0.24358637630939484,0.08272760211126985,False,6.25,6.25,0.0,False,0.24358637630939484,0.0
145,6,0.24690237641334534,0.08385379291617803,False,62.5,6.25,56.25,True,0.24690237641334534,56.25
145,7,1.4755077362060547,0.5011167650768451,False,75.0,6.25,68.75,True,1.4755077362060547,68.75
145,8,2.4471514225006104,0.8311095729324266,False,6.25,6.25,0.0,False,2.4471514225006104,0.0
145,9,2.4593427181243896,0.8352500206408151,False,62.5,6.25,56.25,True,2.4593427181243896,56.25
145,14,1.4514057636260986,0.5359596964027323,False,6.25,6.25,0.0,False,1.4514057636260986,0.0
146,5,0.05357704684138298,0.07729533978353893,False,57.14285714285714,1.4285714285714284,55.71428571428571,True,0.05357704684138298,55.71428571428571
146,6,1.8257789611816406,0.6200770245537613,False,42.857142857142854,1.4285714285714284,41.42857142857142,True,1.8257789611816406,41.42857142857142
146,7,2.1542415618896484,0.8669305794941784,False,57.14285714285714,1.4285714285714284,55.71428571428571,True,2.1542415618896484,55.71428571428571
146,8,1.160499095916748,0.4524452276380473,False,57.14285714285714,1.4285714285714284,55.71428571428571,True,1.160499095916748,55.71428571428571
146,9,0.9668247103691101,0.37693715377131315,False,57.14285714285714,1.4285714285714284,55.71428571428571,True,0.9668247103691101,55.71428571428571
146,10,1.3719733953475952,0.5348929760957937,False,57.14285714285714,1.4285714285714284,55.71428571428571,True,1.3719733953475952,55.71428571428571
146,11,1.5628812313079834,0.551628501463451,False,14.285714285714285,1.4285714285714284,12.857142857142856,True,1.5628812313079834,12.857142857142856
146,12,1.5552870035171509,0.6063616807843636,False,57.14285714285714,1.4285714285714284,55.71428571428571,True,1.5552870035171509,55.71428571428571
147,1,1.6836562156677246,0.6775531047861961,False,0.0,0.0,0.0,False,1.6836562156677246,0.0
147,2,1.3801440000534058,0.5380784599269041,False,0.0,0.0,0.0,False,1.3801440000534058,0.0
147,3,1.6836562156677246,0.6775531047861961,False,0.0,0.0,0.0,False,1.6836562156677246,0.0
147,4,1.344191551208496,0.4744406396463114,False,25.0,0.0,25.0,True,1.344191551208496,25.0
147,5,1.7065415382385254,0.6867628360945144,False,33.33333333333333,0.0,33.33333333333333,True,1.7065415382385254,33.33333333333333
147,6,0.8112964630126953,0.27081741254875646,False,0.0,0.0,0.0,False,0.8112964630126953,0.0
147,7,1.0345401763916016,0.34533799482831407,False,0.0,0.0,0.0,False,1.0345401763916016,0.0
147,9,1.4698351621627808,0.4906430308002924,False,0.0,0.0,0.0,False,1.4698351621627808,0.0
148,1,1.5156114101409912,0.6099269001796488,False,60.0,80.0,-20.0,False,1.5156114101409912,-20.0
148,2,1.7591338157653809,0.6208970529719757,False,80.0,80.0,0.0,False,1.7591338157653809,0.0
148,3,0.026755210012197495,0.03859960880254007,False,80.0,80.0,0.0,False,0.026755210012197495,0.0
148,4,0.5974931120872498,0.21088885287820894,False,80.0,80.0,0.0,False,0.5974931120872498,0.0
149,1,1.4615862369537354,0.5881855711072408,False,28.57142857142857,0.0,28.57142857142857,True,1.4615862369537354,28.57142857142857
149,2,1.3509551286697388,0.48725406614883593,False,57.14285714285714,0.0,57.14285714285714,True,1.3509551286697388,57.14285714285714
149,3,1.4552316665649414,0.5856283038596618,False,57.14285714285714,0.0,57.14285714285714,True,1.4552316665649414,57.14285714285714
149,5,1.4615862369537354,0.5881855711072408,False,0.0,0.0,0.0,False,1.4615862369537354,0.0
149,6,1.3509551286697388,0.48725406614883593,False,0.0,0.0,0.0,False,1.3509551286697388,0.0
149,7,1.4552316665649414,0.5856283038596618,False,57.14285714285714,0.0,57.14285714285714,True,1.4552316665649414,57.14285714285714
149,9,1.4552316665649414,0.5856283038596618,False,0.0,0.0,0.0,False,1.4552316665649414,0.0
149,11,1.4615862369537354,0.5881855711072408,False,28.57142857142857,0.0,28.57142857142857,True,1.4615862369537354,28.57142857142857
150,13,1.8542680740356445,0.6544752720177971,False,75.0,75.0,0.0,False,1.8542680740356445,0.0
150,14,1.7023184299468994,0.6850633322954537,False,75.0,75.0,0.0,False,1.7023184299468994,0.0
150,15,1.5973061323165894,0.6227437308537747,False,87.5,75.0,12.5,True,1.5973061323165894,12.5
150,17,0.2797132134437561,0.11256487782654524,False,50.0,75.0,-25.0,False,0.2797132134437561,-25.0
150,18,1.1578805446624756,0.40868102894248587,False,37.5,75.0,-37.5,False,1.1578805446624756,-37.5
150,19,1.176762580871582,0.4153455592535261,False,75.0,75.0,0.0,False,1.176762580871582,0.0
150,20,0.9162104725837708,0.32338209704746873,False,87.5,75.0,12.5,True,0.9162104725837708,12.5
150,21,0.6037898659706116,0.2131113307218107,False,75.0,75.0,0.0,False,0.6037898659706116,0.0
151,18,1.1392463445663452,0.4441593910040499,False,90.0,50.0,40.0,True,1.1392463445663452,40.0
151,19,1.1377859115600586,0.44359001016928284,True,100.0,50.0,50.0,True,1.1377859115600586,50.0
151,20,1.2135319709777832,0.4731212206773486,False,90.0,50.0,40.0,True,1.2135319709777832,40.0
151,21,1.4375299215316772,0.56045158059353,False,90.0,50.0,40.0,True,1.4375299215316772,40.0
151,22,0.45110979676246643,0.4106178325288573,True,100.0,50.0,50.0,True,0.45110979676246643,50.0
151,23,1.4375299215316772,0.56045158059353,False,80.0,50.0,30.0,True,1.4375299215316772,30.0
151,25,1.4375299215316772,0.56045158059353,False,70.0,50.0,20.0,True,1.4375299215316772,20.0
151,26,1.2135319709777832,0.4731212206773486,False,80.0,50.0,30.0,True,1.2135319709777832,30.0
152,1,1.7440123558044434,0.7018422023834311,False,80.0,40.0,40.0,True,1.7440123558044434,40.0
152,3,1.7440123558044434,0.7018422023834311,False,80.0,40.0,40.0,True,1.7440123558044434,40.0
152,6,1.7440123558044434,0.7018422023834311,True,100.0,40.0,60.0,True,1.7440123558044434,60.0
152,7,1.2581582069396973,0.49051970686269747,False,80.0,40.0,40.0,True,1.2581582069396973,40.0
152,8,1.2071393728256226,0.4706289304753747,True,100.0,40.0,60.0,True,1.2071393728256226,60.0
152,9,1.4389456510543823,0.561003532825486,True,100.0,40.0,60.0,True,1.4389456510543823,60.0
152,10,1.5651212930679321,0.6101957874976883,True,100.0,40.0,60.0,True,1.5651212930679321,60.0
152,11,1.4389456510543823,0.561003532825486,False,80.0,40.0,40.0,True,1.4389456510543823,40.0
153,1,1.1039800643920898,0.44427426055875213,False,12.5,12.5,0.0,False,1.1039800643920898,0.0
153,2,1.4458823204040527,0.533920057986946,False,25.0,12.5,12.5,True,1.4458823204040527,12.5
153,3,1.1460165977478027,0.46119100604667584,False,87.5,12.5,75.0,True,1.1460165977478027,75.0
153,4,1.4458823204040527,0.533920057986946,False,25.0,12.5,12.5,True,1.4458823204040527,12.5
153,5,1.1460165977478027,0.46119100604667584,False,62.5,12.5,50.0,True,1.1460165977478027,50.0
153,6,1.524496078491211,0.5943571845020617,False,12.5,12.5,0.0,False,1.524496078491211,0.0
153,8,0.9478852152824402,0.3695531892374426,False,12.5,12.5,0.0,False,0.9478852152824402,0.0
154,1,1.8015174865722656,0.724983969408252,False,75.0,62.5,12.5,True,1.8015174865722656,12.5
154,2,1.5150649547576904,0.5241765010396003,False,50.0,62.5,-12.5,False,1.5150649547576904,-12.5
154,3,1.3243086338043213,0.45817934325799503,False,62.5,62.5,0.0,False,1.3243086338043213,0.0
156,1,2.0843610763549805,0.8388086033464507,False,57.14285714285714,57.14285714285714,0.0,False,2.0843610763549805,0.0
156,2,0.8325985670089722,0.2779282295547785,False,57.14285714285714,57.14285714285714,0.0,False,0.8325985670089722,0.0
157,3,0.028670361265540123,0.041362588018289764,True,100.0,3.333333333333333,96.66666666666667,True,0.028670361265540123,96.66666666666667
157,4,1.2153778076171875,0.6783152697057098,True,100.0,3.333333333333333,96.66666666666667,True,1.2153778076171875,96.66666666666667
157,5,2.071216583251953,0.8335188701871995,False,83.33333333333334,3.333333333333333,80.00000000000001,True,2.071216583251953,80.00000000000001
157,6,1.2725181579589844,0.7102059064363279,False,66.66666666666666,3.333333333333333,63.33333333333332,True,1.2725181579589844,63.33333333333332
157,7,2.071216583251953,0.8335188701871995,False,66.66666666666666,3.333333333333333,63.33333333333332,True,2.071216583251953,63.33333333333332
157,9,2.071216583251953,0.8335188701871995,False,66.66666666666666,3.333333333333333,63.33333333333332,True,2.071216583251953,63.33333333333332
157,10,1.2725181579589844,0.7102059064363279,False,66.66666666666666,3.333333333333333,63.33333333333332,True,1.2725181579589844,63.33333333333332
157,12,1.2725181579589844,0.7102059064363279,False,66.66666666666666,3.333333333333333,63.33333333333332,True,1.2725181579589844,63.33333333333332
158,1,0.9275354743003845,0.37326773397283036,False,3.0,3.0,0.0,False,0.9275354743003845,0.0
158,2,1.4944415092468262,0.5390058385722535,False,40.0,3.0,37.0,True,1.4944415092468262,37.0
158,3,0.0287223719060421,0.041437623511415424,False,40.0,3.0,37.0,True,0.0287223719060421,37.0
158,4,1.5346139669418335,0.5534949899464807,False,40.0,3.0,37.0,True,1.5346139669418335,37.0
159,1,0.7569701075553894,0.30462718091239777,True,100.0,80.0,20.0,True,0.7569701075553894,20.0
159,2,0.5568073987960815,0.18910475059452977,False,80.0,80.0,0.0,False,0.5568073987960815,0.0
159,3,0.9346005916595459,0.3174121108545193,False,80.0,80.0,0.0,False,0.9346005916595459,0.0
160,1,1.3601317405700684,0.5473572782648024,False,90.0,70.0,20.0,True,1.3601317405700684,20.0
160,3,1.3601317405700684,0.5473572782648024,True,100.0,70.0,30.0,True,1.3601317405700684,30.0
160,4,1.5702531337738037,0.5798463902680575,False,80.0,70.0,10.0,False,1.5702531337738037,10.0
160,5,2.074915885925293,0.766202888366241,False,80.0,70.0,10.0,False,2.074915885925293,10.0
161,1,1.5165694952011108,0.6103124619713569,False,50.0,33.33333333333333,16.66666666666667,True,1.5165694952011108,16.66666666666667
161,2,1.4744873046875,0.5318088805815976,False,50.0,33.33333333333333,16.66666666666667,True,1.4744873046875,16.66666666666667
162,1,0.2753063440322876,0.11079142311272552,False,66.66666666666666,33.33333333333333,33.33333333333333,True,0.2753063440322876,33.33333333333333
162,2,0.8979213237762451,0.30495497788527554,False,50.0,33.33333333333333,16.66666666666667,True,0.8979213237762451,16.66666666666667
162,3,1.9021611213684082,0.6460181837108075,False,83.33333333333334,33.33333333333333,50.000000000000014,True,1.9021611213684082,50.000000000000014
163,5,1.3442046642303467,0.5240667463160641,False,0.0,0.0,0.0,False,1.3442046642303467,0.0
163,6,0.54102623462677,0.4924633013915011,False,33.33333333333333,0.0,33.33333333333333,True,0.54102623462677,33.33333333333333
163,7,1.3442046642303467,0.5240667463160641,False,33.33333333333333,0.0,33.33333333333333,True,1.3442046642303467,33.33333333333333
163,8,1.6454691886901855,0.6415211216172562,False,0.0,0.0,0.0,False,1.6454691886901855,0.0
163,9,1.4059207439422607,0.5481280711653752,False,33.33333333333333,0.0,33.33333333333333,True,1.4059207439422607,33.33333333333333
163,10,1.1171791553497314,0.43555602846497304,False,66.66666666666666,0.0,66.66666666666666,True,1.1171791553497314,66.66666666666666
163,11,1.4059207439422607,0.5481280711653752,False,0.0,0.0,0.0,False,1.4059207439422607,0.0
163,12,1.1171791553497314,0.43555602846497304,False,0.0,0.0,0.0,False,1.1171791553497314,0.0
165,1,1.6371747255325317,0.6588475771000118,False,90.0,90.0,0.0,False,1.6371747255325317,0.0
165,3,1.383287787437439,0.5393041322291223,False,80.0,90.0,-10.0,False,1.383287787437439,-10.0
165,4,1.1163179874420166,0.43522028386042183,True,100.0,90.0,10.0,False,1.1163179874420166,10.0
165,5,1.154276967048645,0.450019398508126,True,100.0,90.0,10.0,False,1.154276967048645,10.0
165,7,1.6371747255325317,0.6588475771000118,False,90.0,90.0,0.0,False,1.6371747255325317,0.0
165,8,1.2964726686477661,0.5054574137599548,True,100.0,90.0,10.0,False,1.2964726686477661,10.0
165,9,1.3734835386276245,0.46646697328278564,True,100.0,90.0,10.0,False,1.3734835386276245,10.0
165,10,1.0444363355636597,0.4071956947318878,True,100.0,90.0,10.0,False,1.0444363355636597,10.0
166,3,2.018409490585327,0.7124099901688442,False,40.0,40.0,0.0,False,2.018409490585327,0.0
166,5,2.127474069595337,0.7509050012271592,False,60.0,40.0,20.0,True,2.127474069595337,20.0
166,6,0.06018245592713356,0.0868249307145942,False,40.0,40.0,0.0,False,0.06018245592713356,0.0
166,7,2.0959525108337402,0.7397792740284908,False,60.0,40.0,20.0,True,2.0959525108337402,20.0
166,8,0.07454338669776917,0.1075433743199399,False,40.0,40.0,0.0,False,0.07454338669776917,0.0
166,9,2.152475357055664,0.759729358740785,False,80.0,40.0,40.0,True,2.152475357055664,40.0
166,12,0.6754381656646729,0.27181631379283316,False,60.0,40.0,20.0,True,0.6754381656646729,20.0
166,13,0.9970144033432007,0.35190233924135367,False,40.0,40.0,0.0,False,0.9970144033432007,0.0
167,1,1.4331330060958862,0.5767351486697313,False,50.0,66.66666666666666,-16.666666666666657,False,1.4331330060958862,-16.666666666666657
167,2,1.9551892280578613,0.6900960113574373,False,25.0,66.66666666666666,-41.66666666666666,False,1.9551892280578613,-41.66666666666666
167,3,0.04223796725273132,0.060936505892745914,False,66.66666666666666,66.66666666666666,0.0,False,0.04223796725273132,0.0
167,4,2.1362717151641846,0.7540101841062757,False,66.66666666666666,66.66666666666666,0.0,False,2.1362717151641846,0.0
167,5,2.186235189437866,0.771645098320731,False,50.0,66.66666666666666,-16.666666666666657,False,2.186235189437866,-16.666666666666657
168,1,1.3893187046051025,0.5591029766545283,False,83.33333333333334,83.33333333333334,0.0,False,1.3893187046051025,0.0
168,2,1.146923542022705,0.39680831328684324,False,83.33333333333334,83.33333333333334,0.0,False,1.146923542022705,0.0
168,3,1.8025246858596802,0.7253892962190199,False,66.66666666666666,83.33333333333334,-16.666666666666686,False,1.8025246858596802,-16.666666666666686
168,4,0.46809759736061096,0.16195065429968375,True,100.0,83.33333333333334,16.666666666666657,True,0.46809759736061096,16.666666666666657
169,6,1.6759377717971802,0.579834676013115,False,16.666666666666664,16.666666666666664,0.0,False,1.6759377717971802,0.0
169,9,0.6548877358436584,0.26354621245008547,False,16.666666666666664,16.666666666666664,0.0,False,0.6548877358436584,0.0
169,10,1.5677814483642578,0.5424151561408177,False,33.33333333333333,16.666666666666664,16.666666666666664,True,1.5677814483642578,16.666666666666664
169,11,0.05533623695373535,0.07983331463461059,False,16.666666666666664,16.666666666666664,0.0,False,0.05533623695373535,0.0
169,12,1.5588922500610352,0.5393397045907053,False,16.666666666666664,16.666666666666664,0.0,False,1.5588922500610352,0.0
169,13,0.6548877358436584,0.26354621245008547,False,33.33333333333333,16.666666666666664,16.666666666666664,True,0.6548877358436584,16.666666666666664
169,14,1.52889084815979,0.5289599318783251,False,16.666666666666664,16.666666666666664,0.0,False,1.52889084815979,0.0
169,15,0.06933985650539398,0.10003626711628423,False,33.33333333333333,16.666666666666664,16.666666666666664,True,0.06933985650539398,16.666666666666664
170,1,0.7501218914985657,0.3018712560339288,True,100.0,83.33333333333334,16.666666666666657,True,0.7501218914985657,16.666666666666657
170,2,1.4615139961242676,0.5538015334958025,False,83.33333333333334,83.33333333333334,0.0,False,1.4615139961242676,0.0
170,3,1.6595770120620728,0.6288522016700632,False,66.66666666666666,83.33333333333334,-16.666666666666686,False,1.6595770120620728,-16.666666666666686
171,3,1.7316625118255615,0.6968722595568321,False,0.0,0.0,0.0,False,1.7316625118255615,0.0
171,4,1.09304940700531,0.6100424893952029,False,40.0,0.0,40.0,True,1.09304940700531,40.0
171,6,1.09304940700531,0.6100424893952029,False,40.0,0.0,40.0,True,1.09304940700531,40.0
171,7,1.752027153968811,0.7050675944379179,False,40.0,0.0,40.0,True,1.752027153968811,40.0
171,8,1.0460561513900757,0.36191059109693074,False,40.0,0.0,40.0,True,1.0460561513900757,40.0
171,9,0.06920090317726135,0.09983579983887227,False,40.0,0.0,40.0,True,0.06920090317726135,40.0
171,11,1.9204471111297607,0.772844771168206,False,40.0,0.0,40.0,True,1.9204471111297607,40.0
171,12,1.0261539220809937,0.5727074083906432,False,40.0,0.0,40.0,True,1.0261539220809937,40.0
172,1,0.16309288144111633,0.06563340375584355,False,62.5,62.5,0.0,False,0.16309288144111633,0.0
172,2,0.8335976600646973,0.28840499765727506,False,62.5,62.5,0.0,False,0.8335976600646973,0.0
173,1,1.5600388050079346,0.6278057991196688,False,75.0,75.0,0.0,False,1.5600388050079346,0.0
173,2,0.7844528555870056,0.27687743926263275,False,75.0,75.0,0.0,False,0.7844528555870056,0.0
173,3,0.9059223532676697,0.3197508423317995,False,75.0,75.0,0.0,False,0.9059223532676697,0.0
173,4,1.8330881595611572,0.7376889428492402,False,75.0,75.0,0.0,False,1.8330881595611572,0.0
173,5,0.8335205316543579,0.2941961760144171,False,75.0,75.0,0.0,False,0.8335205316543579,0.0
174,5,1.243064522743225,0.5002459641086626,False,72.72727272727273,27.27272727272727,45.45454545454547,True,1.243064522743225,45.45454545454547
174,7,1.243064522743225,0.5002459641086626,False,72.72727272727273,27.27272727272727,45.45454545454547,True,1.243064522743225,45.45454545454547
174,9,1.243064522743225,0.5002459641086626,False,81.81818181818181,27.27272727272727,54.54545454545455,True,1.243064522743225,54.54545454545455
174,15,1.228317379951477,0.47888562648547206,False,72.72727272727273,27.27272727272727,45.45454545454547,True,1.228317379951477,45.45454545454547
174,17,0.06819838285446167,0.09838946874077877,False,27.27272727272727,27.27272727272727,0.0,False,0.06819838285446167,0.0
175,1,0.8325420022010803,0.3350395485770496,False,80.0,60.0,20.0,True,0.8325420022010803,20.0
175,3,0.8325420022010803,0.3350395485770496,False,60.0,60.0,0.0,False,0.8325420022010803,0.0
175,4,0.7583772540092468,0.2623805231757635,False,80.0,60.0,20.0,True,0.7583772540092468,20.0
175,5,0.4000568091869354,0.13841015713429458,False,60.0,60.0,0.0,False,0.4000568091869354,0.0
176,2,1.7773866653442383,0.5933062446984401,False,36.36363636363637,27.27272727272727,9.090909090909097,False,1.7773866653442383,9.090909090909097
176,3,0.04174499958753586,0.06022530388684981,False,27.27272727272727,27.27272727272727,0.0,False,0.04174499958753586,0.0
176,4,1.2361637353897095,0.412641592275262,False,27.27272727272727,27.27272727272727,0.0,False,1.2361637353897095,0.0
176,5,0.04174499958753586,0.06022530388684981,False,54.54545454545454,27.27272727272727,27.27272727272727,True,0.04174499958753586,27.27272727272727
176,6,1.247864007949829,0.4165472392062005,False,54.54545454545454,27.27272727272727,27.27272727272727,True,1.247864007949829,27.27272727272727
176,7,0.7271780967712402,0.24273801206826523,False,27.27272727272727,27.27272727272727,0.0,False,0.7271780967712402,0.0
176,8,1.5599496364593506,0.5207239813218363,False,27.27272727272727,27.27272727272727,0.0,False,1.5599496364593506,0.0
176,10,1.623871088027954,0.5420614860557857,False,54.54545454545454,27.27272727272727,27.27272727272727,True,1.623871088027954,27.27272727272727
177,1,0.5062403678894043,0.20372611097185248,False,71.42857142857143,71.42857142857143,0.0,False,0.5062403678894043,0.0
177,2,0.7779836654663086,0.2872855404045536,False,71.42857142857143,71.42857142857143,0.0,False,0.7779836654663086,0.0
177,3,1.2684394121170044,0.46839582648827327,False,71.42857142857143,71.42857142857143,0.0,False,1.2684394121170044,0.0
178,1,1.3903834819793701,0.5595314745920096,False,33.33333333333333,50.0,-16.66666666666667,False,1.3903834819793701,-16.66666666666667
178,3,1.3903834819793701,0.5595314745920096,False,66.66666666666666,50.0,16.666666666666657,True,1.3903834819793701,16.666666666666657
178,4,1.11636483669281,0.43523854903616777,False,83.33333333333334,50.0,33.33333333333334,True,1.11636483669281,33.33333333333334
178,5,1.3903834819793701,0.5595314745920096,False,66.66666666666666,50.0,16.666666666666657,True,1.3903834819793701,16.666666666666657
178,8,1.035804271697998,0.34575996020804967,False,66.66666666666666,50.0,16.666666666666657,True,1.035804271697998,16.666666666666657
179,6,1.6167067289352417,0.6506106493268755,False,90.9090909090909,0.0,90.9090909090909,True,1.6167067289352417,90.9090909090909
179,7,1.2189841270446777,0.4752468595524531,False,0.0,0.0,0.0,False,1.2189841270446777,0.0
179,8,1.6167067289352417,0.6506106493268755,False,0.0,0.0,0.0,False,1.6167067289352417,0.0
179,9,1.4285993576049805,0.4851855880570538,False,0.0,0.0,0.0,False,1.4285993576049805,0.0
179,10,0.9917518496513367,0.3991103045001501,False,81.81818181818181,0.0,81.81818181818181,True,0.9917518496513367,81.81818181818181
179,12,1.6167067289352417,0.6506106493268755,False,81.81818181818181,0.0,81.81818181818181,True,1.6167067289352417,81.81818181818181
179,13,1.4373693466186523,0.4881640804203612,False,81.81818181818181,0.0,81.81818181818181,True,1.4373693466186523,81.81818181818181
179,15,1.2037746906280518,0.40882989905562106,False,0.0,0.0,0.0,False,1.2037746906280518,0.0
181,1,1.936156153678894,0.7791665549464714,False,10.0,71.42857142857143,-61.42857142857143,False,1.936156153678894,-61.42857142857143
181,3,1.936156153678894,0.7791665549464714,False,57.14285714285714,71.42857142857143,-14.285714285714292,False,1.936156153678894,-14.285714285714292
181,4,2.0054407119750977,0.781863667655345,False,7.142857142857144,71.42857142857143,-64.28571428571429,False,2.0054407119750977,-64.28571428571429
181,5,1.0367199182510376,0.3739176712128959,False,85.71428571428571,71.42857142857143,14.285714285714278,True,1.0367199182510376,14.285714285714278
182,1,1.402885913848877,0.5645628233030662,False,70.0,80.0,-10.0,False,1.402885913848877,-10.0
182,2,1.2743885517120361,0.49684745158994686,False,90.0,80.0,10.0,False,1.2743885517120361,10.0
182,5,1.1125885248184204,0.43376627362324227,False,90.0,80.0,10.0,False,1.1125885248184204,10.0
182,6,1.2743885517120361,0.49684745158994686,False,0.0,80.0,-80.0,False,1.2743885517120361,-80.0
182,7,1.1125885248184204,0.43376627362324227,False,0.0,80.0,-80.0,False,1.1125885248184204,-80.0
182,8,1.0844495296478271,0.42279568853596333,False,70.0,80.0,-10.0,False,1.0844495296478271,-10.0
182,9,1.044912338256836,0.4073812744946194,False,0.0,80.0,-80.0,False,1.044912338256836,-80.0
182,11,1.044912338256836,0.4073812744946194,False,70.0,80.0,-10.0,False,1.044912338256836,-10.0
183,1,0.9258972406387329,0.37260846024848693,False,50.0,5.0,45.0,True,0.9258972406387329,45.0
183,2,1.5049800872802734,0.6056485411267545,False,37.5,5.0,32.5,True,1.5049800872802734,32.5
184,1,1.9281779527664185,0.7759558907095849,False,25.0,62.5,-37.5,False,1.9281779527664185,-37.5
184,2,1.3036667108535767,0.7275902448084933,False,12.5,62.5,-50.0,False,1.3036667108535767,-50.0
184,3,1.8585293292999268,0.7479272227222247,False,75.0,62.5,12.5,True,1.8585293292999268,12.5
184,4,0.9242123365402222,0.3138840176616135,False,25.0,62.5,-37.5,False,0.9242123365402222,-37.5
184,5,1.831182837486267,0.621912306705255,False,62.5,62.5,0.0,False,1.831182837486267,0.0
184,6,0.9962232112884521,0.3383405865556362,False,75.0,62.5,12.5,True,0.9962232112884521,12.5
185,1,0.6023712754249573,0.24241203406025275,False,60.0,40.0,20.0,True,0.6023712754249573,20.0
185,2,2.200939893722534,0.7346917857620989,False,40.0,40.0,0.0,False,2.200939893722534,0.0
186,1,0.5458542704582214,0.21966791811064248,True,100.0,80.0,20.0,True,0.5458542704582214,20.0
186,2,1.7799338102340698,0.6282385383960526,True,100.0,80.0,20.0,True,1.7799338102340698,20.0
186,3,1.9964855909347534,0.7046718155281777,False,80.0,80.0,0.0,False,1.9964855909347534,0.0
187,1,0.29032766819000244,0.11683644865080615,False,62.5,37.5,25.0,True,0.29032766819000244,25.0
187,2,1.743202805519104,0.5818953919573905,False,37.5,37.5,0.0,False,1.743202805519104,0.0
187,3,1.7871685028076172,0.719209513548563,False,25.0,37.5,-12.5,False,1.7871685028076172,-12.5
187,4,1.4979040622711182,0.5531300939921471,False,50.0,37.5,12.5,True,1.4979040622711182,12.5
187,5,1.2820684909820557,0.5159423156163372,False,25.0,37.5,-12.5,False,1.2820684909820557,-12.5
187,7,0.29032766819000244,0.11683644865080615,False,37.5,37.5,0.0,False,0.29032766819000244,0.0
187,9,2.0814104080200195,0.6947918632097039,False,37.5,37.5,0.0,False,2.0814104080200195,0.0
187,11,2.0814104080200195,0.6947918632097039,False,37.5,37.5,0.0,False,2.0814104080200195,0.0
188,9,2.227121591567993,0.7434314512110405,False,28.57142857142857,57.14285714285714,-28.57142857142857,False,2.227121591567993,-28.57142857142857
188,11,2.3981027603149414,0.8005063675032446,False,0.0,57.14285714285714,-57.14285714285714,False,2.3981027603149414,-57.14285714285714
188,12,0.06617876142263412,0.0954757709166081,False,57.14285714285714,57.14285714285714,0.0,False,0.06617876142263412,0.0
188,13,2.4627294540405273,0.8220792878526708,False,42.857142857142854,57.14285714285714,-14.285714285714285,False,2.4627294540405273,-14.285714285714285
188,14,2.403468370437622,0.8022974521639292,False,14.285714285714285,57.14285714285714,-42.857142857142854,False,2.403468370437622,-42.857142857142854
188,15,2.147238254547119,0.7167657382145636,False,42.857142857142854,57.14285714285714,-14.285714285714285,False,2.147238254547119,-14.285714285714285
188,17,2.350517511367798,0.7846220211725591,False,4.2857142857142865,57.14285714285714,-52.857142857142854,False,2.350517511367798,-52.857142857142854
188,18,0.047803618013858795,0.0689660426451444,False,4.2857142857142865,57.14285714285714,-52.857142857142854,False,0.047803618013858795,-52.857142857142854
189,1,1.2592663764953613,0.5067660697043873,False,54.54545454545454,54.54545454545454,0.0,False,1.2592663764953613,0.0
189,2,1.5758662223815918,0.5260370682297524,False,54.54545454545454,54.54545454545454,0.0,False,1.5758662223815918,0.0
189,3,1.0183448791503906,0.3399318717964993,False,54.54545454545454,54.54545454545454,0.0,False,1.0183448791503906,0.0
190,1,1.6302580833435059,0.6560641155202314,False,20.0,0.0,20.0,True,1.6302580833435059,20.0
190,2,1.3287036418914795,0.7415636220769777,False,20.0,0.0,20.0,True,1.3287036418914795,20.0
190,3,1.5650134086608887,0.6298077268996836,False,0.0,0.0,0.0,False,1.5650134086608887,0.0
190,4,1.0997165441513062,0.45861742029622693,False,2.0000000000000004,0.0,2.0000000000000004,False,1.0997165441513062,2.0000000000000004
190,5,1.6298973560333252,0.6559189481715056,False,40.0,0.0,40.0,True,1.6298973560333252,40.0
190,6,1.4516083002090454,0.4845587548071938,False,4.000000000000001,0.0,4.000000000000001,False,1.4516083002090454,4.000000000000001
190,7,1.7343961000442505,0.697972336382222,False,4.000000000000001,0.0,4.000000000000001,False,1.7343961000442505,4.000000000000001
190,9,1.1696372032165527,0.39043449027204025,False,0.0,0.0,0.0,False,1.1696372032165527,0.0
191,1,0.6119667291641235,0.2462735287123697,False,8.333333333333336,10.0,-1.6666666666666643,False,0.6119667291641235,-1.6666666666666643
191,2,1.4884381294250488,0.5149642516948923,False,83.33333333333334,10.0,73.33333333333334,True,1.4884381294250488,73.33333333333334
191,3,1.12245512008667,0.3883428202687945,False,10.0,10.0,0.0,False,1.12245512008667,0.0
192,1,0.8190212845802307,0.32959841153393243,False,46.15384615384616,46.15384615384616,0.0,False,0.8190212845802307,0.0
192,2,0.7654547691345215,0.27017194830751634,False,46.15384615384616,46.15384615384616,0.0,False,0.7654547691345215,0.0
193,1,0.7014843821525574,0.2822980823896964,False,66.66666666666666,50.0,16.666666666666657,True,0.7014843821525574,16.666666666666657
193,2,1.2422256469726562,0.4297805787712387,False,50.0,50.0,0.0,False,1.2422256469726562,0.0
193,3,1.8931474685668945,0.6549840737251298,False,50.0,50.0,0.0,False,1.8931474685668945,0.0
194,1,0.9248809814453125,0.3721994874633293,False,21.428571428571427,14.285714285714285,7.142857142857142,False,0.9248809814453125,7.142857142857142
194,3,0.9248809814453125,0.3721994874633293,False,71.42857142857143,14.285714285714285,57.142857142857146,True,0.9248809814453125,57.142857142857146
195,1,1.796441674232483,0.7229413122564368,False,60.0,60.0,0.0,False,1.796441674232483,0.0
195,2,1.4383481740951538,0.5450234665060675,False,60.0,60.0,0.0,False,1.4383481740951538,0.0
195,3,1.9592936038970947,0.7884777498841865,False,60.0,60.0,0.0,False,1.9592936038970947,0.0
195,4,1.271457314491272,0.49570464648456064,False,60.0,60.0,0.0,False,1.271457314491272,0.0
195,5,1.3597935438156128,0.5152572960640661,False,80.0,60.0,20.0,True,1.3597935438156128,20.0
196,2,0.8519085049629211,0.47545918946919224,False,60.0,40.0,20.0,True,0.8519085049629211,20.0
196,3,0.5402098894119263,0.21739645207920155,False,60.0,40.0,20.0,True,0.5402098894119263,20.0
196,4,1.2359716892242432,0.4276168578826271,False,60.0,40.0,20.0,True,1.2359716892242432,20.0
196,5,1.9601185321807861,0.7888097254470358,False,60.0,40.0,20.0,True,1.9601185321807861,20.0
196,6,1.1206412315368652,0.4509792074613639,False,40.0,40.0,0.0,False,1.1206412315368652,0.0
196,7,1.7867169380187988,0.719027790509246,False,60.0,40.0,20.0,True,1.7867169380187988,20.0
196,8,1.313950538635254,0.45459568826940394,False,60.0,40.0,20.0,True,1.313950538635254,20.0
197,1,1.5558767318725586,0.6261308576743911,False,62.5,50.0,12.5,True,1.5558767318725586,12.5
197,2,1.1239266395568848,0.38885193106611493,False,62.5,50.0,12.5,True,1.1239266395568848,12.5
197,3,1.240891933441162,0.4293191455566875,False,62.5,50.0,12.5,True,1.240891933441162,12.5
199,1,1.4505592584609985,0.5837479885148816,False,80.0,80.0,0.0,False,1.4505592584609985,0.0
199,2,1.0846009254455566,0.39118709412097125,True,100.0,80.0,20.0,True,1.0846009254455566,20.0
200,1,1.7116203308105469,0.6888066925800105,False,62.5,37.5,25.0,True,1.7116203308105469,25.0
200,2,1.5513395071029663,0.6048226654417405,False,87.5,37.5,50.0,True,1.5513395071029663,50.0
200,3,1.536455750465393,0.5990199167074328,False,62.5,37.5,25.0,True,1.536455750465393,25.0
200,4,1.5513395071029663,0.6048226654417405,False,87.5,37.5,50.0,True,1.5513395071029663,50.0
200,5,1.7116203308105469,0.6888066925800105,False,75.0,37.5,37.5,True,1.7116203308105469,37.5
200,6,1.5513395071029663,0.6048226654417405,False,75.0,37.5,37.5,True,1.5513395071029663,37.5
200,7,1.7116203308105469,0.6888066925800105,False,62.5,37.5,25.0,True,1.7116203308105469,25.0
200,8,1.1611255407333374,0.4187875148663755,False,62.5,37.5,25.0,True,1.1611255407333374,25.0
201,1,1.5665103197097778,0.6304101282208829,False,66.66666666666666,5.0,61.66666666666666,True,1.5665103197097778,61.66666666666666
201,2,1.5955580472946167,0.622062202769453,False,66.66666666666666,5.0,61.66666666666666,True,1.5955580472946167,61.66666666666666
201,3,1.5665103197097778,0.6304101282208829,False,66.66666666666666,5.0,61.66666666666666,True,1.5665103197097778,61.66666666666666
201,4,1.5955580472946167,0.622062202769453,False,66.66666666666666,5.0,61.66666666666666,True,1.5955580472946167,61.66666666666666
201,5,1.5665103197097778,0.6304101282208829,False,66.66666666666666,5.0,61.66666666666666,True,1.5665103197097778,61.66666666666666
201,6,0.6321065425872803,0.23951982228420687,False,5.0,5.0,0.0,False,0.6321065425872803,0.0
201,8,0.022526733577251434,0.032499206819327546,False,5.0,5.0,0.0,False,0.022526733577251434,0.0
202,1,1.9033262729644775,0.7659548390386656,True,100.0,60.0,40.0,True,1.9033262729644775,40.0
203,1,1.504288673400879,0.6053702957128057,False,66.66666666666666,66.66666666666666,0.0,False,1.504288673400879,0.0
203,3,1.504288673400879,0.6053702957128057,False,50.0,66.66666666666666,-16.666666666666657,False,1.504288673400879,-16.666666666666657
203,4,1.362198829650879,0.4807964188466883,True,100.0,66.66666666666666,33.33333333333334,True,1.362198829650879,33.33333333333334
203,5,0.6449742913246155,0.22764762585835752,False,66.66666666666666,66.66666666666666,0.0,False,0.6449742913246155,0.0
204,2,1.6643948554992676,0.5874583567774707,False,50.0,75.0,-25.0,False,1.6643948554992676,-25.0
204,3,2.035801887512207,0.7185487431728731,False,50.0,75.0,-25.0,False,2.035801887512207,-25.0
204,4,0.07680205255746841,0.11080194035475321,False,50.0,75.0,-25.0,False,0.07680205255746841,-25.0
204,5,2.035801887512207,0.7185487431728731,False,50.0,75.0,-25.0,False,2.035801887512207,-25.0
204,6,0.04577077180147171,0.06603326549564364,False,50.0,75.0,-25.0,False,0.04577077180147171,-25.0
204,7,2.035801887512207,0.7185487431728731,False,50.0,75.0,-25.0,False,2.035801887512207,-25.0
204,8,1.6643948554992676,0.5874583567774707,False,75.0,75.0,0.0,False,1.6643948554992676,0.0
204,12,1.6282702684402466,0.6790414439326355,False,75.0,75.0,0.0,False,1.6282702684402466,0.0
205,1,1.7135448455810547,0.6895811742977329,False,33.33333333333333,33.33333333333333,0.0,False,1.7135448455810547,0.0
205,2,1.9677176475524902,0.6807835850792934,False,55.55555555555556,33.33333333333333,22.22222222222223,True,1.9677176475524902,22.22222222222223
205,3,1.6472042798995972,0.6628837666960762,False,33.33333333333333,33.33333333333333,0.0,False,1.6472042798995972,0.0
205,4,1.8936336040496826,0.6431220403778798,False,44.44444444444444,33.33333333333333,11.111111111111114,True,1.8936336040496826,11.111111111111114
205,5,0.06452086567878723,0.09308393294864926,False,33.33333333333333,33.33333333333333,0.0,False,0.06452086567878723,0.0
206,1,1.2854881286621094,0.5173184790550505,False,57.14285714285714,57.14285714285714,0.0,False,1.2854881286621094,0.0
206,2,1.3210588693618774,0.45705500192246756,False,57.14285714285714,57.14285714285714,0.0,False,1.3210588693618774,0.0
206,3,1.6912164688110352,0.6805955744676853,False,57.14285714285714,57.14285714285714,0.0,False,1.6912164688110352,0.0
206,4,1.3210588693618774,0.45705500192246756,False,57.14285714285714,57.14285714285714,0.0,False,1.3210588693618774,0.0
206,5,1.4981615543365479,0.5183283258438096,False,57.14285714285714,57.14285714285714,0.0,False,1.4981615543365479,0.0
207,1,1.245893955230713,0.5013846115052275,False,77.77777777777777,66.66666666666666,11.111111111111114,True,1.245893955230713,11.111111111111114
207,2,0.8397647142410278,0.3028810971872671,False,77.77777777777777,66.66666666666666,11.111111111111114,True,0.8397647142410278,11.111111111111114
207,3,1.8856699466705322,0.6801116702037333,False,77.77777777777777,66.66666666666666,11.111111111111114,True,1.8856699466705322,11.111111111111114
208,1,1.640214443206787,0.660070849481095,False,40.0,20.0,20.0,True,1.640214443206787,20.0
208,2,1.0924427509307861,0.4139518829968164,False,60.0,20.0,40.0,True,1.0924427509307861,40.0
208,3,1.6239268779754639,0.65351625104871,False,80.0,20.0,60.0,True,1.6239268779754639,60.0
208,4,1.4771307706832886,0.4930783647535007,False,40.0,20.0,20.0,True,1.4771307706832886,20.0
208,5,1.8835322856903076,0.7579891525707821,False,60.0,20.0,40.0,True,1.8835322856903076,40.0
209,1,0.9598023295402527,0.3862528717616568,False,87.5,87.5,0.0,False,0.9598023295402527,0.0
209,2,1.1819262504577637,0.42628978505797566,False,87.5,87.5,0.0,False,1.1819262504577637,0.0
210,1,1.388782024383545,0.5588870006452873,False,71.42857142857143,71.42857142857143,0.0,False,1.388782024383545,0.0
210,2,0.3753158450126648,0.13247002588069762,False,85.71428571428571,71.42857142857143,14.285714285714278,True,0.3753158450126648,14.285714285714278
211,1,0.9577178359031677,0.38541400981194823,False,66.66666666666666,83.33333333333334,-16.666666666666686,False,0.9577178359031677,-16.666666666666686
211,2,1.324756383895874,0.4891919593501929,False,83.33333333333334,83.33333333333334,0.0,False,1.324756383895874,0.0
211,3,0.41738730669021606,0.154128349068394,False,83.33333333333334,83.33333333333334,0.0,False,0.41738730669021606,0.0
212,1,1.2807106971740723,0.5153958991913583,False,33.33333333333333,0.0,33.33333333333333,True,1.2807106971740723,33.33333333333333
212,2,1.475419521331787,0.5207583553236689,False,0.0,0.0,0.0,False,1.475419521331787,0.0
212,3,0.03129555657505989,0.045149944272698896,False,33.33333333333333,0.0,33.33333333333333,True,0.03129555657505989,33.33333333333333
212,4,1.475419521331787,0.5207583553236689,False,0.0,0.0,0.0,False,1.475419521331787,0.0
212,5,1.6170859336853027,0.5707603831097927,False,0.0,0.0,0.0,False,1.6170859336853027,0.0
213,1,0.6022601127624512,0.2423672989139584,False,83.33333333333334,83.33333333333334,0.0,False,0.6022601127624512,0.0
213,2,0.9598298668861389,0.3544357731978071,False,66.66666666666666,83.33333333333334,-16.666666666666686,False,0.9598298668861389,-16.666666666666686
213,3,1.533001184463501,0.5660903863006492,False,83.33333333333334,83.33333333333334,0.0,False,1.533001184463501,0.0
213,4,0.936371386051178,0.34577327468673336,False,83.33333333333334,83.33333333333334,0.0,False,0.936371386051178,0.0
214,6,0.02730679325759411,0.0393953752153112,False,20.0,20.0,0.0,False,0.02730679325759411,0.0
214,8,1.4073612689971924,0.5486896904623572,False,30.0,20.0,10.0,False,1.4073612689971924,10.0
214,10,1.4073612689971924,0.5486896904623572,False,20.0,20.0,0.0,False,1.4073612689971924,0.0
214,11,1.5029770135879517,0.6048424449732057,False,20.0,20.0,0.0,False,1.5029770135879517,0.0
214,13,1.5029770135879517,0.6048424449732057,False,0.0,20.0,-20.0,False,1.5029770135879517,-20.0
214,14,1.2282764911651611,0.47886968512343425,False,0.0,20.0,-20.0,False,1.2282764911651611,-20.0
214,15,1.7589490413665771,0.6857636530911327,False,0.0,20.0,-20.0,False,1.7589490413665771,-20.0
214,16,1.3872123956680298,0.4630628737802089,False,20.0,20.0,0.0,False,1.3872123956680298,0.0
215,1,1.7057819366455078,0.6864571499259485,False,0.0,0.0,0.0,False,1.7057819366455078,0.0
215,2,1.5990350246429443,0.7689733000867125,False,25.0,0.0,25.0,True,1.5990350246429443,25.0
215,3,1.820925235748291,0.732794222231102,True,100.0,0.0,100.0,True,1.820925235748291,100.0
215,4,1.5554697513580322,0.5610171241342555,True,100.0,0.0,100.0,True,1.5554697513580322,100.0
216,1,1.3923370838165283,0.5603176618064568,False,50.0,50.0,0.0,False,1.3923370838165283,0.0
216,2,1.6844981908798218,0.5945539521101445,False,50.0,50.0,0.0,False,1.6844981908798218,0.0
216,3,1.2804960012435913,0.5153094991929925,False,62.5,50.0,12.5,True,1.2804960012435913,12.5
216,4,1.6276606321334839,0.5744927876851014,False,62.5,50.0,12.5,True,1.6276606321334839,12.5
216,5,1.2804960012435913,0.5153094991929925,False,75.0,50.0,25.0,True,1.2804960012435913,25.0
216,6,0.726469874382019,0.2564119909663974,False,87.5,50.0,37.5,True,0.726469874382019,37.5
216,7,0.8404863476753235,0.2966548034367322,False,62.5,50.0,12.5,True,0.8404863476753235,12.5
216,8,1.314957618713379,0.46412234414751075,False,50.0,50.0,0.0,False,1.314957618713379,0.0
217,1,1.3741127252578735,0.5529836404015844,False,66.66666666666666,66.66666666666666,0.0,False,1.3741127252578735,0.0
217,2,1.5385935306549072,0.5135951380693959,False,83.33333333333334,66.66666666666666,16.666666666666686,True,1.5385935306549072,16.666666666666686
217,3,1.3813436031341553,0.461103822704222,False,66.66666666666666,66.66666666666666,0.0,False,1.3813436031341553,0.0
218,1,1.1129390001296997,0.4478796015233208,False,7.142857142857144,7.142857142857144,0.0,False,1.1129390001296997,0.0
218,2,1.6059778928756714,0.6462930480759449,False,42.857142857142854,7.142857142857144,35.71428571428571,True,1.6059778928756714,35.71428571428571
218,3,1.2155537605285645,0.48917481895437376,False,71.42857142857143,7.142857142857144,64.28571428571429,True,1.2155537605285645,64.28571428571429
218,4,1.5912067890167236,0.6029451392208678,False,7.142857142857144,7.142857142857144,0.0,False,1.5912067890167236,0.0
218,5,0.037238288670778275,0.053723494396523484,False,7.142857142857144,7.142857142857144,0.0,False,0.037238288670778275,0.0
218,6,1.5912067890167236,0.6029451392208678,False,71.42857142857143,7.142857142857144,64.28571428571429,True,1.5912067890167236,64.28571428571429
219,1,1.8320338726043701,0.7372646665663155,False,80.0,4.000000000000001,76.0,True,1.8320338726043701,76.0
219,2,1.5353031158447266,0.521424667553941,False,80.0,4.000000000000001,76.0,True,1.5353031158447266,76.0
219,3,1.7509901523590088,0.5946770046002813,False,4.000000000000001,4.000000000000001,0.0,False,1.7509901523590088,0.0
220,1,1.473489761352539,0.592975901721801,False,10.0,6.0,4.0,False,1.473489761352539,4.0
220,2,1.290852427482605,0.5874922576405711,False,6.0,6.0,0.0,False,1.290852427482605,0.0
221,1,1.2580616474151611,0.5062812510572551,False,60.0,60.0,0.0,False,1.2580616474151611,0.0
221,2,1.7606923580169678,0.6501697632120498,False,40.0,60.0,-20.0,False,1.7606923580169678,-20.0
221,3,0.7151356935501099,0.2877917742347068,False,0.0,60.0,-60.0,False,0.7151356935501099,-60.0
221,4,1.9957668781280518,0.6904879528648331,False,60.0,60.0,0.0,False,1.9957668781280518,0.0
221,5,1.4541103839874268,0.5851770665555924,False,60.0,60.0,0.0,False,1.4541103839874268,0.0
221,6,1.2038979530334473,0.40887176183704316,False,40.0,60.0,-20.0,False,1.2038979530334473,-20.0
221,7,1.6004703044891357,0.6440766314604534,False,60.0,60.0,0.0,False,1.6004703044891357,0.0
221,10,1.7606923580169678,0.6501697632120498,False,60.0,60.0,0.0,False,1.7606923580169678,0.0
222,1,0.6768984794616699,0.272403987296432,False,57.14285714285714,71.42857142857143,-14.285714285714292,False,0.6768984794616699,-14.285714285714292
222,2,0.9669085144996643,0.357049700964229,False,71.42857142857143,71.42857142857143,0.0,False,0.9669085144996643,0.0
222,3,1.240188479423523,0.49908855913332983,False,71.42857142857143,71.42857142857143,0.0,False,1.240188479423523,0.0
222,4,0.8530817031860352,0.2847656683866414,False,71.42857142857143,71.42857142857143,0.0,False,0.8530817031860352,0.0
222,5,1.4809978008270264,0.4943692111278164,False,71.42857142857143,71.42857142857143,0.0,False,1.4809978008270264,0.0
222,6,0.03327009454369545,0.047998600408096385,False,71.42857142857143,71.42857142857143,0.0,False,0.03327009454369545,0.0
222,7,1.4809978008270264,0.4943692111278164,False,71.42857142857143,71.42857142857143,0.0,False,1.4809978008270264,0.0
223,1,1.6194161176681519,0.6517009875627772,False,83.33333333333334,66.66666666666666,16.666666666666686,True,1.6194161176681519,16.666666666666686
223,2,1.7001261711120605,0.6628303074157499,False,66.66666666666666,66.66666666666666,0.0,False,1.7001261711120605,0.0
223,3,1.084235429763794,0.3826875346462722,False,66.66666666666666,66.66666666666666,0.0,False,1.084235429763794,0.0
224,1,1.970751166343689,0.7930886122067496,False,57.14285714285714,57.14285714285714,0.0,False,1.970751166343689,0.0
224,2,1.6458940505981445,0.6416867630583719,False,71.42857142857143,57.14285714285714,14.285714285714292,True,1.6458940505981445,14.285714285714292
224,3,1.970751166343689,0.7930886122067496,False,71.42857142857143,57.14285714285714,14.285714285714292,True,1.970751166343689,14.285714285714292
224,4,0.9817875027656555,0.33967516465088776,False,28.57142857142857,57.14285714285714,-28.57142857142857,False,0.9817875027656555,-28.57142857142857
224,5,1.591160535812378,0.5505037652909214,False,42.857142857142854,57.14285714285714,-14.285714285714285,False,1.591160535812378,-14.285714285714285
225,3,1.339693307876587,0.5223078981966515,False,60.0,60.0,0.0,False,1.339693307876587,0.0
225,5,1.7606695890426636,0.7085455661655842,False,80.0,60.0,20.0,True,1.7606695890426636,20.0
225,6,1.3494994640350342,0.45047398792885246,False,60.0,60.0,0.0,False,1.3494994640350342,0.0
225,7,1.527221918106079,0.6145993123067114,False,80.0,60.0,20.0,True,1.527221918106079,20.0
225,8,1.656247854232788,0.7192993037574014,False,80.0,60.0,20.0,True,1.656247854232788,20.0
225,9,1.5177358388900757,0.6107818332006802,False,80.0,60.0,20.0,True,1.5177358388900757,20.0
225,11,1.7606695890426636,0.7085455661655842,True,100.0,60.0,40.0,True,1.7606695890426636,40.0
225,12,1.6271263360977173,0.5629470782270808,False,80.0,60.0,20.0,True,1.6271263360977173,20.0
226,3,1.3469862937927246,0.5420671613187733,False,90.0,40.0,50.0,True,1.3469862937927246,50.0
226,4,1.1368658542633057,0.4432313062852953,False,90.0,40.0,50.0,True,1.1368658542633057,50.0
226,5,1.1415247917175293,0.44504769203212124,False,90.0,40.0,50.0,True,1.1415247917175293,50.0
226,6,1.637230396270752,0.5778704945412915,False,80.0,40.0,40.0,True,1.637230396270752,40.0
226,7,0.03906812518835068,0.05636339046606272,False,80.0,40.0,40.0,True,0.03906812518835068,40.0
226,8,1.637230396270752,0.5778704945412915,False,90.0,40.0,50.0,True,1.637230396270752,50.0
226,10,1.2121610641479492,0.4725867435244777,False,60.0,40.0,20.0,True,1.2121610641479492,20.0
226,11,1.5132824182510376,0.5139459261877596,False,50.0,40.0,10.0,False,1.5132824182510376,10.0
228,1,1.6815831661224365,0.6767188482778219,False,80.0,80.0,0.0,False,1.6815831661224365,0.0
228,2,1.344624638557434,0.5242304822299392,False,40.0,80.0,-40.0,False,1.344624638557434,-40.0
228,3,1.6815831661224365,0.6767188482778219,False,80.0,80.0,0.0,False,1.6815831661224365,0.0
228,4,1.164729356765747,0.4200873167459339,False,60.0,80.0,-20.0,False,1.164729356765747,-20.0
228,5,1.0401946306228638,0.3751709087897332,False,80.0,80.0,0.0,False,1.0401946306228638,0.0
229,22,0.9796116352081299,0.3819224080812363,False,80.0,80.0,0.0,False,0.9796116352081299,0.0
229,23,1.0627739429473877,0.4143450005575109,False,80.0,80.0,0.0,False,1.0627739429473877,0.0
229,24,0.4360315799713135,0.39689304813796644,False,80.0,80.0,0.0,False,0.4360315799713135,0.0
229,25,1.0627739429473877,0.4143450005575109,False,80.0,80.0,0.0,False,1.0627739429473877,0.0
229,26,0.4360315799713135,0.39689304813796644,False,80.0,80.0,0.0,False,0.4360315799713135,0.0
229,27,1.0627739429473877,0.4143450005575109,False,80.0,80.0,0.0,False,1.0627739429473877,0.0
229,28,0.9796116352081299,0.3819224080812363,False,90.0,80.0,10.0,False,0.9796116352081299,10.0
229,30,0.4360315799713135,0.39689304813796644,False,90.0,80.0,10.0,False,0.4360315799713135,10.0
230,4,1.7720584869384766,0.591527655051829,False,80.0,90.0,-10.0,False,1.7720584869384766,-10.0
230,5,1.4016379117965698,0.5640605903308885,False,90.0,90.0,0.0,False,1.4016379117965698,0.0
230,7,1.1747581958770752,0.47275747601114093,False,90.0,90.0,0.0,False,1.1747581958770752,0.0
230,9,1.1747581958770752,0.47275747601114093,False,90.0,90.0,0.0,False,1.1747581958770752,0.0
230,11,1.1747581958770752,0.47275747601114093,False,90.0,90.0,0.0,False,1.1747581958770752,0.0
230,12,1.5967590808868408,0.5524407289562936,False,90.0,90.0,0.0,False,1.5967590808868408,0.0
230,13,1.1725143194198608,0.40566211464552476,False,90.0,90.0,0.0,False,1.1725143194198608,0.0
230,14,1.163114309310913,0.4024099343392136,False,80.0,90.0,-10.0,False,1.163114309310913,-10.0
231,3,1.2343270778656006,0.496729757623252,False,75.0,62.5,12.5,True,1.2343270778656006,12.5
231,4,1.3764221668243408,0.5539130280575209,False,87.5,62.5,25.0,True,1.3764221668243408,25.0
231,5,2.162534713745117,0.8702679893144531,False,75.0,62.5,12.5,True,2.162534713745117,12.5
231,7,1.2343270778656006,0.496729757623252,False,50.0,62.5,-12.5,False,1.2343270778656006,-12.5
231,9,2.162534713745117,0.8702679893144531,False,75.0,62.5,12.5,True,2.162534713745117,12.5
231,11,2.162534713745117,0.8702679893144531,False,0.0,62.5,-62.5,False,2.162534713745117,-62.5
231,12,1.3095060586929321,0.4962022022021938,False,62.5,62.5,0.0,False,1.3095060586929321,0.0
232,1,1.6803146600723267,0.6762083638899202,False,80.0,80.0,0.0,False,1.6803146600723267,0.0
232,2,1.3375637531280518,0.4939213285572205,False,80.0,80.0,0.0,False,1.3375637531280518,0.0
232,3,0.9351270198822021,0.34531376837164757,False,80.0,80.0,0.0,False,0.9351270198822021,0.0
233,1,0.7957381010055542,0.32022856917922554,False,77.77777777777777,66.66666666666666,11.111111111111114,True,0.7957381010055542,11.111111111111114
233,2,1.4619709253311157,0.5699804251800082,False,77.77777777777777,66.66666666666666,11.111111111111114,True,1.4619709253311157,11.111111111111114
233,3,1.4204564094543457,0.5537951091791279,False,77.77777777777777,66.66666666666666,11.111111111111114,True,1.4204564094543457,11.111111111111114
235,3,0.038423579186201096,0.055433507145136715,False,66.66666666666666,33.33333333333333,33.33333333333333,True,0.038423579186201096,33.33333333333333
235,4,1.2012369632720947,0.48341331589843756,False,55.55555555555556,33.33333333333333,22.22222222222223,True,1.2012369632720947,22.22222222222223
235,5,1.4418091773986816,0.5802266968546643,False,55.55555555555556,33.33333333333333,22.22222222222223,True,1.4418091773986816,22.22222222222223
235,6,1.7503960132598877,0.7044111751277348,False,66.66666666666666,33.33333333333333,33.33333333333333,True,1.7503960132598877,33.33333333333333
235,7,1.3181736469268799,0.7356867199897035,False,55.55555555555556,33.33333333333333,22.22222222222223,True,1.3181736469268799,22.22222222222223
235,8,1.662909746170044,0.6692041112739245,False,55.55555555555556,33.33333333333333,22.22222222222223,True,1.662909746170044,22.22222222222223
235,10,1.2278085947036743,0.4941065270232283,False,66.66666666666666,33.33333333333333,33.33333333333333,True,1.2278085947036743,33.33333333333333
235,12,1.5388805866241455,0.6192911056660559,False,66.66666666666666,33.33333333333333,33.33333333333333,True,1.5388805866241455,33.33333333333333
236,1,1.449601411819458,0.583362522669868,False,80.0,80.0,0.0,False,1.449601411819458,0.0
236,2,1.6080152988433838,0.5461194170505809,False,80.0,80.0,0.0,False,1.6080152988433838,0.0
236,3,1.2832468748092651,0.43582050227189545,False,80.0,80.0,0.0,False,1.2832468748092651,0.0
237,16,1.3493508100509644,0.5260730805953929,False,69.23076923076923,30.76923076923077,38.46153846153845,True,1.3493508100509644,38.46153846153845
237,17,1.4260544776916504,0.5265982429392293,False,30.76923076923077,30.76923076923077,0.0,False,1.4260544776916504,0.0
237,21,1.1366580724716187,0.4431502981394297,False,30.76923076923077,30.76923076923077,0.0,False,1.1366580724716187,0.0
237,22,1.141727328300476,0.44512665522192363,False,30.76923076923077,30.76923076923077,0.0,False,1.141727328300476,0.0
237,25,1.7508010864257812,0.704574188561631,False,30.76923076923077,30.76923076923077,0.0,False,1.7508010864257812,0.0
237,26,1.4687448740005493,0.5423624988202774,False,30.76923076923077,30.76923076923077,0.0,False,1.4687448740005493,0.0
237,27,1.5824670791625977,0.6368316006146975,False,69.23076923076923,30.76923076923077,38.46153846153845,True,1.5824670791625977,38.46153846153845
237,28,1.4919062852859497,0.5816513612426447,False,61.53846153846154,30.76923076923077,30.76923076923077,True,1.4919062852859497,30.76923076923077
238,1,1.2764893770217896,0.5136971149925061,False,83.33333333333334,83.33333333333334,0.0,False,1.2764893770217896,0.0
238,2,1.2814708948135376,0.4523029998788933,False,66.66666666666666,83.33333333333334,-16.666666666666686,False,1.2814708948135376,-16.666666666666686
238,3,0.912047266960144,0.3219126681277015,False,66.66666666666666,83.33333333333334,-16.666666666666686,False,0.912047266960144,-16.666666666666686
239,1,1.8897655010223389,0.7604975829508783,False,40.0,40.0,0.0,False,1.8897655010223389,0.0
239,2,1.32619047164917,0.637762805574151,False,40.0,40.0,0.0,False,1.32619047164917,0.0
240,1,0.910037636756897,0.3662260861326669,True,100.0,60.0,40.0,True,0.910037636756897,40.0
240,2,1.2145944833755493,0.448512543408979,False,60.0,60.0,0.0,False,1.2145944833755493,0.0
240,3,1.5823090076446533,0.6367679879562671,True,100.0,60.0,40.0,True,1.5823090076446533,40.0
240,4,0.7955980896949768,0.4440317483226389,True,100.0,60.0,40.0,True,0.7955980896949768,40.0
240,5,0.08549843728542328,0.12334817147543621,True,100.0,60.0,40.0,True,0.08549843728542328,40.0
240,6,0.7955980896949768,0.4440317483226389,True,100.0,60.0,40.0,True,0.7955980896949768,40.0
240,7,1.5209956169128418,0.6120936643807546,True,100.0,60.0,40.0,True,1.5209956169128418,40.0
240,9,1.2073633670806885,0.44584231362818777,False,60.0,60.0,0.0,False,1.2073633670806885,0.0
241,5,1.449995756149292,0.5835212185025133,False,0.0,50.0,-50.0,False,1.449995756149292,-50.0
241,7,1.449995756149292,0.5835212185025133,False,0.0,50.0,-50.0,False,1.449995756149292,-50.0
241,8,1.2738672494888306,0.49664421084303345,False,33.33333333333333,50.0,-16.66666666666667,False,1.2738672494888306,-16.66666666666667
241,9,1.449995756149292,0.5835212185025133,False,66.66666666666666,50.0,16.666666666666657,True,1.449995756149292,16.666666666666657
241,12,1.2738672494888306,0.49664421084303345,False,66.66666666666666,50.0,16.666666666666657,True,1.2738672494888306,16.666666666666657
241,14,1.3836398124694824,0.46991628023522014,False,50.0,50.0,0.0,False,1.3836398124694824,0.0
241,15,0.03154066205024719,0.04550355672624635,False,50.0,50.0,0.0,False,0.03154066205024719,0.0
242,1,1.36387038230896,0.54886181838071,False,62.5,62.5,0.0,False,1.36387038230896,0.0
242,2,1.634784460067749,0.5896238583655208,False,37.5,62.5,-25.0,False,1.634784460067749,-25.0
242,3,1.5454483032226562,0.6219341492584867,False,87.5,62.5,25.0,True,1.5454483032226562,25.0
242,4,1.1752967834472656,0.41482819707626845,False,50.0,62.5,-12.5,False,1.1752967834472656,-12.5
242,5,0.9873327016830444,0.3484851233509699,False,62.5,62.5,0.0,False,0.9873327016830444,0.0
242,6,0.5254861116409302,0.18547354110954786,False,62.5,62.5,0.0,False,0.5254861116409302,0.0
242,7,0.13894499838352203,0.2004552601242323,False,62.5,62.5,0.0,False,0.13894499838352203,0.0
243,11,1.364566445350647,0.5320052192769695,False,72.72727272727273,0.0,72.72727272727273,True,1.364566445350647,72.72727272727273
243,14,1.1195625066757202,0.4364852286143076,False,72.72727272727273,0.0,72.72727272727273,True,1.1195625066757202,72.72727272727273
243,15,0.6753060817718506,0.6146900856084092,False,81.81818181818181,0.0,81.81818181818181,True,0.6753060817718506,81.81818181818181
243,16,1.1195625066757202,0.4364852286143076,False,81.81818181818181,0.0,81.81818181818181,True,1.1195625066757202,81.81818181818181
243,18,1.2757388353347778,0.5133950747983299,False,90.9090909090909,0.0,90.9090909090909,True,1.2757388353347778,90.9090909090909
243,19,1.364566445350647,0.5320052192769695,False,72.72727272727273,0.0,72.72727272727273,True,1.364566445350647,72.72727272727273
243,20,1.2757388353347778,0.5133950747983299,False,72.72727272727273,0.0,72.72727272727273,True,1.2757388353347778,72.72727272727273
243,22,1.2757388353347778,0.5133950747983299,False,81.81818181818181,0.0,81.81818181818181,True,1.2757388353347778,81.81818181818181
244,1,1.3797640800476074,0.5552579128738385,False,60.0,80.0,-20.0,False,1.3797640800476074,-20.0
244,2,1.681230068206787,0.5709848565728257,False,80.0,80.0,0.0,False,1.681230068206787,0.0
244,3,0.7553335428237915,0.2565288491859402,False,80.0,80.0,0.0,False,0.7553335428237915,0.0
244,4,1.341173529624939,0.4554937423103332,False,80.0,80.0,0.0,False,1.341173529624939,0.0
244,5,0.92305988073349,0.3134926168498166,False,80.0,80.0,0.0,False,0.92305988073349,0.0
244,6,0.07848457992076874,0.11322931423794658,False,80.0,80.0,0.0,False,0.07848457992076874,0.0
245,1,1.539015531539917,0.6193454114951231,False,90.0,90.0,0.0,False,1.539015531539917,0.0
245,3,1.539015531539917,0.6193454114951231,False,90.0,90.0,0.0,False,1.539015531539917,0.0
245,4,1.209884762763977,0.4716992790693413,False,90.0,90.0,0.0,False,1.209884762763977,0.0
245,5,1.539015531539917,0.6193454114951231,True,100.0,90.0,10.0,False,1.539015531539917,10.0
245,6,1.6706091165542603,0.577991087821263,False,90.0,90.0,0.0,False,1.6706091165542603,0.0
245,7,1.3601890802383423,0.47059312578821794,False,90.0,90.0,0.0,False,1.3601890802383423,0.0
245,8,1.6000310182571411,0.5535727415983912,False,90.0,90.0,0.0,False,1.6000310182571411,0.0
246,1,1.5082731246948242,0.6069737568707068,False,62.5,25.0,37.5,True,1.5082731246948242,37.5
246,2,1.5936219692230225,0.6213073816007769,False,37.5,25.0,12.5,True,1.5936219692230225,12.5
246,3,1.3680360317230225,0.5333579112364745,False,50.0,25.0,25.0,True,1.3680360317230225,25.0
246,4,1.5936219692230225,0.6213073816007769,False,50.0,25.0,25.0,True,1.5936219692230225,25.0
246,5,1.7014189958572388,0.6136571869493795,False,25.0,25.0,0.0,False,1.7014189958572388,0.0
248,1,1.7581685781478882,0.707539085340645,True,100.0,60.0,40.0,True,1.7581685781478882,40.0
248,2,1.7348260879516602,0.6763588072041204,False,80.0,60.0,20.0,True,1.7348260879516602,20.0
248,4,1.7581685781478882,0.707539085340645,False,40.0,60.0,-20.0,False,1.7581685781478882,-20.0
249,14,1.0003960132598877,0.40258897184135123,False,57.14285714285714,57.14285714285714,0.0,False,1.0003960132598877,0.0
249,16,1.0003960132598877,0.40258897184135123,False,71.42857142857143,57.14285714285714,14.285714285714292,True,1.0003960132598877,14.285714285714292
249,17,1.1130869388580322,0.4339605909255165,False,71.42857142857143,57.14285714285714,14.285714285714292,True,1.1130869388580322,14.285714285714292
249,18,1.1867560148239136,0.46268204530884577,False,71.42857142857143,57.14285714285714,14.285714285714292,True,1.1867560148239136,14.285714285714292
249,20,1.1867560148239136,0.46268204530884577,False,85.71428571428571,57.14285714285714,28.57142857142857,True,1.1867560148239136,28.57142857142857
249,22,1.1867560148239136,0.46268204530884577,False,71.42857142857143,57.14285714285714,14.285714285714292,True,1.1867560148239136,14.285714285714292
249,28,0.982896089553833,0.33381438586718043,False,85.71428571428571,57.14285714285714,28.57142857142857,True,0.982896089553833,28.57142857142857
249,29,0.6140133142471313,0.20853321077177026,False,71.42857142857143,57.14285714285714,14.285714285714292,True,0.6140133142471313,14.285714285714292
250,1,1.7473373413085938,0.7031802749844417,False,90.0,60.0,30.0,True,1.7473373413085938,30.0
250,2,1.2079448699951172,0.47094297065989194,False,80.0,60.0,20.0,True,1.2079448699951172,20.0
250,3,1.7473373413085938,0.7031802749844417,False,60.0,60.0,0.0,False,1.7473373413085938,0.0
250,4,1.4032093286514282,0.48547711027760393,False,60.0,60.0,0.0,False,1.4032093286514282,0.0
250,5,0.8830897808074951,0.3055280963062952,False,60.0,60.0,0.0,False,0.8830897808074951,0.0
251,4,1.8436118364334106,0.664942413436669,False,25.0,25.0,0.0,False,1.8436118364334106,0.0
251,5,0.07036897540092468,0.1015209718433515,False,25.0,25.0,0.0,False,0.07036897540092468,0.0
251,6,1.7457832098007202,0.629658194811679,False,37.5,25.0,12.5,True,1.7457832098007202,12.5
251,7,1.63442063331604,0.657739248858898,False,12.5,25.0,-12.5,False,1.63442063331604,-12.5
251,8,1.9953614473342896,0.6660680144714968,False,37.5,25.0,12.5,True,1.9953614473342896,12.5
251,9,1.953359603881836,0.6520474546827462,False,12.5,25.0,-12.5,False,1.953359603881836,-12.5
251,10,1.9375280141830444,0.7797186322264237,False,25.0,25.0,0.0,False,1.9375280141830444,0.0
251,11,2.018386125564575,0.6737538408831375,False,12.5,25.0,-12.5,False,2.018386125564575,-12.5
252,1,1.4577348232269287,0.5866356482048511,False,83.33333333333334,66.66666666666666,16.666666666666686,True,1.4577348232269287,16.666666666666686
252,2,1.0537663698196411,0.37193329335058095,False,66.66666666666666,66.66666666666666,0.0,False,1.0537663698196411,0.0
253,1,0.3699899911880493,0.14889492577904886,False,37.5,37.5,0.0,False,0.3699899911880493,0.0
253,2,1.6456985473632812,0.5808593803272118,False,37.5,37.5,0.0,False,1.6456985473632812,0.0
254,17,0.7865256667137146,0.31652121289176677,False,0.0,0.0,0.0,False,0.7865256667137146,0.0
254,18,1.0398485660552979,0.4054070553207369,False,0.0,0.0,0.0,False,1.0398485660552979,0.0
254,19,0.7865256667137146,0.31652121289176677,False,80.0,0.0,80.0,True,0.7865256667137146,80.0
254,20,1.0398485660552979,0.4054070553207369,False,60.0,0.0,60.0,True,1.0398485660552979,60.0
254,21,1.1762372255325317,0.4585810718292789,False,40.0,0.0,40.0,True,1.1762372255325317,40.0
255,1,1.0374449491500854,0.41749856045441186,False,75.0,75.0,0.0,False,1.0374449491500854,0.0
255,3,1.0374449491500854,0.41749856045441186,False,75.0,75.0,0.0,False,1.0374449491500854,0.0
255,4,0.4094495475292206,0.15963260496279041,False,75.0,75.0,0.0,False,0.4094495475292206,0.0
255,5,1.5174407958984375,0.5065341817405531,False,75.0,75.0,0.0,False,1.5174407958984375,0.0
255,6,0.922873854637146,0.30806286088519297,False,75.0,75.0,0.0,False,0.922873854637146,0.0
256,1,0.6527427434921265,0.26268300402665634,True,100.0,83.33333333333334,16.666666666666657,True,0.6527427434921265,16.666666666666657
256,2,1.4740463495254517,0.5316498396252122,True,100.0,83.33333333333334,16.666666666666657,True,1.4740463495254517,16.666666666666657
256,3,1.0918115377426147,0.3937877727716559,True,100.0,83.33333333333334,16.666666666666657,True,1.0918115377426147,16.666666666666657
256,4,0.04102489352226257,0.05918641043756598,True,100.0,83.33333333333334,16.666666666666657,True,0.04102489352226257,16.666666666666657
256,5,1.0918115377426147,0.3937877727716559,True,100.0,83.33333333333334,16.666666666666657,True,1.0918115377426147,16.666666666666657
256,6,1.015132188796997,0.36613154365604667,True,100.0,83.33333333333334,16.666666666666657,True,1.015132188796997,16.666666666666657
257,1,1.5902252197265625,0.6399537060525925,True,100.0,71.42857142857143,28.57142857142857,True,1.5902252197265625,28.57142857142857
257,2,1.3529256582260132,0.5126548950049724,False,71.42857142857143,71.42857142857143,0.0,False,1.3529256582260132,0.0
257,3,1.4439589977264404,0.5810918481986563,False,8.571428571428573,71.42857142857143,-62.85714285714286,False,1.4439589977264404,-62.85714285714286
257,4,1.3836884498596191,0.5243116298884434,False,71.42857142857143,71.42857142857143,0.0,False,1.3836884498596191,0.0
257,5,0.04018495976924896,0.05797464217741798,False,71.42857142857143,71.42857142857143,0.0,False,0.04018495976924896,0.0
257,6,1.3836884498596191,0.5243116298884434,False,71.42857142857143,71.42857142857143,0.0,False,1.3836884498596191,0.0
257,7,1.838394045829773,0.6966101210456795,False,71.42857142857143,71.42857142857143,0.0,False,1.838394045829773,0.0
258,1,1.3262091875076294,0.533705838656263,False,50.0,33.33333333333333,16.66666666666667,True,1.3262091875076294,16.66666666666667
258,2,1.1188669204711914,0.42396461339258146,False,50.0,33.33333333333333,16.66666666666667,True,1.1188669204711914,16.66666666666667
258,3,1.5342732667922974,0.5813717078347727,False,50.0,33.33333333333333,16.66666666666667,True,1.5342732667922974,16.66666666666667
258,4,0.6196831464767456,0.2348123095026085,False,50.0,33.33333333333333,16.66666666666667,True,0.6196831464767456,16.66666666666667
258,5,1.023261308670044,0.3877374307814763,False,33.33333333333333,33.33333333333333,0.0,False,1.023261308670044,0.0
258,6,0.6196831464767456,0.2348123095026085,False,50.0,33.33333333333333,16.66666666666667,True,0.6196831464767456,16.66666666666667
259,1,1.474722146987915,0.5934718501854912,False,80.0,60.0,20.0,True,1.474722146987915,20.0
259,2,1.1501719951629639,0.38393684419551144,False,6.0,60.0,-54.0,False,1.1501719951629639,-54.0
259,3,1.896526575088501,0.7632184393125202,False,20.0,60.0,-40.0,False,1.896526575088501,-40.0
259,4,1.4606335163116455,0.5053445157431261,True,100.0,60.0,40.0,True,1.4606335163116455,40.0
260,1,1.1531522274017334,0.4640625946653225,False,71.42857142857143,71.42857142857143,0.0,False,1.1531522274017334,0.0
260,2,1.3637564182281494,0.5035934775777361,False,71.42857142857143,71.42857142857143,0.0,False,1.3637564182281494,0.0
260,3,1.4323844909667969,0.5289357229728602,False,71.42857142857143,71.42857142857143,0.0,False,1.4323844909667969,0.0
261,1,1.2573050260543823,0.5059767642223699,False,60.0,80.0,-20.0,False,1.2573050260543823,-20.0
261,2,0.7530087232589722,0.2853324612575777,False,80.0,80.0,0.0,False,0.7530087232589722,0.0
261,3,1.7157855033874512,0.6904828813323162,True,100.0,80.0,20.0,True,1.7157855033874512,20.0
261,4,1.4259408712387085,0.5559333431245305,False,80.0,80.0,0.0,False,1.4259408712387085,0.0
261,5,1.3859190940856934,0.5403300030287153,False,80.0,80.0,0.0,False,1.3859190940856934,0.0
261,6,1.6209028959274292,0.6319434304666328,False,80.0,80.0,0.0,False,1.6209028959274292,0.0
261,7,1.185365915298462,0.44916262409171437,False,80.0,80.0,0.0,False,1.185365915298462,0.0
262,1,1.7435429096221924,0.7016532833420293,False,80.0,80.0,0.0,False,1.7435429096221924,0.0
262,2,1.3416028022766113,0.4556395332928292,False,80.0,80.0,0.0,False,1.3416028022766113,0.0
263,1,0.8127197623252869,0.327062492425872,True,100.0,80.0,20.0,True,0.8127197623252869,20.0
263,3,0.8127197623252869,0.327062492425872,False,80.0,80.0,0.0,False,0.8127197623252869,0.0
263,4,0.7336413264274597,0.24489549113048856,True,100.0,80.0,20.0,True,0.7336413264274597,20.0
264,1,1.8681316375732422,0.7517914758418075,True,100.0,85.71428571428571,14.285714285714292,True,1.8681316375732422,14.285714285714292
264,2,1.0642340183258057,0.3614386393658891,False,85.71428571428571,85.71428571428571,0.0,False,1.0642340183258057,0.0
265,1,0.7621352076530457,0.3067057701012902,False,66.66666666666666,66.66666666666666,0.0,False,0.7621352076530457,0.0
265,2,1.1733965873718262,0.6548851045711853,False,66.66666666666666,66.66666666666666,0.0,False,1.1733965873718262,0.0
265,3,0.04431934282183647,0.06393929610452136,False,66.66666666666666,66.66666666666666,0.0,False,0.04431934282183647,0.0
265,4,1.1733965873718262,0.6548851045711853,False,66.66666666666666,66.66666666666666,0.0,False,1.1733965873718262,0.0
265,5,0.04431934282183647,0.06393929610452136,False,66.66666666666666,66.66666666666666,0.0,False,0.04431934282183647,0.0
265,6,1.1733965873718262,0.6548851045711853,False,66.66666666666666,66.66666666666666,0.0,False,1.1733965873718262,0.0
265,7,0.5081402659416199,0.2044906861933714,False,66.66666666666666,66.66666666666666,0.0,False,0.5081402659416199,0.0
267,12,1.4806363582611084,0.5225996698650767,False,57.14285714285714,14.285714285714285,42.857142857142854,True,1.4806363582611084,42.857142857142854
267,14,1.5684888362884521,0.553607739981522,False,28.57142857142857,14.285714285714285,14.285714285714285,True,1.5684888362884521,14.285714285714285
267,15,0.03592565283179283,0.05182976118112607,False,28.57142857142857,14.285714285714285,14.285714285714285,True,0.03592565283179283,14.285714285714285
267,16,1.6083275079727173,0.567669043119121,False,57.14285714285714,14.285714285714285,42.857142857142854,True,1.6083275079727173,42.857142857142854
267,17,1.8240675926208496,0.7340587996641523,False,57.14285714285714,14.285714285714285,42.857142857142854,True,1.8240675926208496,42.857142857142854
267,19,1.2578740119934082,0.506205741008711,False,57.14285714285714,14.285714285714285,42.857142857142854,True,1.2578740119934082,42.857142857142854
267,20,1.3943819999694824,0.5436294466840724,False,57.14285714285714,14.285714285714285,42.857142857142854,True,1.3943819999694824,42.857142857142854
267,23,1.1451096534729004,0.4464453265487415,False,57.14285714285714,14.285714285714285,42.857142857142854,True,1.1451096534729004,42.857142857142854
268,1,1.4360195398330688,0.5778967752996205,True,100.0,72.72727272727273,27.272727272727266,True,1.4360195398330688,27.272727272727266
268,2,1.1229069232940674,0.37483553961312616,False,81.81818181818181,72.72727272727273,9.09090909090908,False,1.1229069232940674,9.09090909090908
268,3,1.220926284790039,0.40755520630740194,False,72.72727272727273,72.72727272727273,0.0,False,1.220926284790039,0.0
269,1,1.7044063806533813,0.685903585472232,False,66.66666666666666,66.66666666666666,0.0,False,1.7044063806533813,0.0
269,2,1.2620837688446045,0.4212939120048034,False,66.66666666666666,66.66666666666666,0.0,False,1.2620837688446045,0.0
269,3,1.4556355476379395,0.4859030830251878,True,100.0,66.66666666666666,33.33333333333334,True,1.4556355476379395,33.33333333333334
270,1,1.5864100456237793,0.6384183670477617,False,71.42857142857143,57.14285714285714,14.285714285714292,True,1.5864100456237793,14.285714285714292
270,2,0.9170594215393066,0.33864195765870664,False,57.14285714285714,57.14285714285714,0.0,False,0.9170594215393066,0.0
271,1,1.742146611213684,0.7010913715258942,False,71.42857142857143,42.857142857142854,28.571428571428577,True,1.742146611213684,28.571428571428577
271,2,1.4493188858032227,0.48379452950374013,False,71.42857142857143,42.857142857142854,28.571428571428577,True,1.4493188858032227,28.571428571428577
272,1,1.0799354314804077,0.4345979884485972,False,40.0,40.0,0.0,False,1.0799354314804077,0.0
272,2,1.203096628189087,0.42464032252038386,False,60.0,40.0,20.0,True,1.203096628189087,20.0
273,1,0.6837230920791626,0.27515041345214897,False,66.66666666666666,66.66666666666666,0.0,False,0.6837230920791626,0.0
273,2,1.0710452795028687,0.3705562360886262,False,50.0,66.66666666666666,-16.666666666666657,False,1.0710452795028687,-16.666666666666657
274,1,1.4119794368743896,0.5682223261766605,True,100.0,62.5,37.5,True,1.4119794368743896,37.5
274,3,1.4119794368743896,0.5682223261766605,True,100.0,62.5,37.5,True,1.4119794368743896,37.5
274,4,1.266608715057373,0.4382165413833508,False,50.0,62.5,-12.5,False,1.266608715057373,-12.5
275,5,1.104012370109558,0.4442872613358521,False,40.0,40.0,0.0,False,1.104012370109558,0.0
275,7,1.104012370109558,0.4442872613358521,False,40.0,40.0,0.0,False,1.104012370109558,0.0
275,9,1.104012370109558,0.4442872613358521,False,60.0,40.0,20.0,True,1.104012370109558,20.0
275,14,1.0904721021652222,0.4026779495156281,False,40.0,40.0,0.0,False,1.0904721021652222,0.0
275,15,1.097730278968811,0.4417591618833906,False,80.0,40.0,40.0,True,1.097730278968811,40.0
276,1,1.5366460084915161,0.6183918452721815,False,83.33333333333334,83.33333333333334,0.0,False,1.5366460084915161,0.0
276,2,1.6201229095458984,0.5408103133408059,False,83.33333333333334,83.33333333333334,0.0,False,1.6201229095458984,0.0
276,3,1.5660573244094849,0.5227627776468792,False,83.33333333333334,83.33333333333334,0.0,False,1.5660573244094849,0.0
277,9,1.6996885538101196,0.6840049922821562,False,50.0,50.0,0.0,False,1.6996885538101196,0.0
277,10,1.3304970264434814,0.6398338206558409,False,50.0,50.0,0.0,False,1.3304970264434814,0.0
277,12,1.138594627380371,0.5181967465340906,False,50.0,50.0,0.0,False,1.138594627380371,0.0
277,13,2.241896152496338,0.902205381714281,False,66.66666666666666,50.0,16.666666666666657,True,2.241896152496338,16.666666666666657
277,14,2.1002039909362793,0.8188091452280353,False,50.0,50.0,0.0,False,2.1002039909362793,0.0
277,15,2.241896152496338,0.902205381714281,False,50.0,50.0,0.0,False,2.241896152496338,0.0
277,18,1.186370611190796,0.44954332665586844,False,33.33333333333333,50.0,-16.66666666666667,False,1.186370611190796,-16.66666666666667
277,21,0.06736971437931061,0.09719395284113731,False,50.0,50.0,0.0,False,0.06736971437931061,0.0
278,1,0.6390092372894287,0.2571562345587291,True,100.0,81.81818181818181,18.181818181818187,True,0.6390092372894287,18.181818181818187
278,2,1.0138481855392456,0.34432643797775775,False,81.81818181818181,81.81818181818181,0.0,False,1.0138481855392456,0.0
278,3,1.3681010007858276,0.46463893816985535,False,81.81818181818181,81.81818181818181,0.0,False,1.3681010007858276,0.0
279,2,1.1949208974838257,0.6668980507738766,False,0.0,0.0,0.0,False,1.1949208974838257,0.0
279,3,1.4574568271636963,0.5865237743591049,False,0.0,0.0,0.0,False,1.4574568271636963,0.0
279,5,1.4574568271636963,0.5865237743591049,False,60.0,0.0,60.0,True,1.4574568271636963,60.0
279,6,1.1949208974838257,0.6668980507738766,False,60.0,0.0,60.0,True,1.1949208974838257,60.0
279,7,1.4574568271636963,0.5865237743591049,False,0.0,0.0,0.0,False,1.4574568271636963,0.0
279,8,1.2540984153747559,0.6999256523617313,False,0.0,0.0,0.0,False,1.2540984153747559,0.0
280,1,1.850418210029602,0.7446630682031739,True,100.0,66.66666666666666,33.33333333333334,True,1.850418210029602,33.33333333333334
280,2,0.8463678359985352,0.2825245244610746,False,83.33333333333334,66.66666666666666,16.666666666666686,True,0.8463678359985352,16.666666666666686
280,3,1.0002059936523438,0.3338769630657776,False,83.33333333333334,66.66666666666666,16.666666666666686,True,1.0002059936523438,16.666666666666686
280,4,0.020079869776964188,0.02896912854892241,False,66.66666666666666,66.66666666666666,0.0,False,0.020079869776964188,0.0
281,6,2.1593940258026123,0.7333804643538337,False,62.5,62.5,0.0,False,2.1593940258026123,0.0
281,7,0.05758415907621384,0.0830763807330149,False,62.5,62.5,0.0,False,0.05758415907621384,0.0
281,8,2.200749158859253,0.7474256299521876,False,62.5,62.5,0.0,False,2.200749158859253,0.0
281,9,2.2211079597473145,0.7543399525216521,False,62.5,62.5,0.0,False,2.2211079597473145,0.0
281,10,2.1681015491485596,0.7363377419226874,False,62.5,62.5,0.0,False,2.1681015491485596,0.0
281,11,0.037247464060783386,0.053736731686182086,False,62.5,62.5,0.0,False,0.037247464060783386,0.0
281,12,2.1451048851013184,0.7285275396362908,False,62.5,62.5,0.0,False,2.1451048851013184,0.0
281,13,2.09187650680542,0.8418330350493803,False,37.5,62.5,-25.0,False,2.09187650680542,-25.0
282,1,1.4206418991088867,0.5717083574266617,False,55.55555555555556,55.55555555555556,0.0,False,1.4206418991088867,0.0
282,3,1.4206418991088867,0.5717083574266617,False,66.66666666666666,55.55555555555556,11.1111111111111,True,1.4206418991088867,11.1111111111111
282,4,1.3176369667053223,0.47523707938943616,False,55.55555555555556,55.55555555555556,0.0,False,1.3176369667053223,0.0
282,5,0.048884179443120956,0.07052496326051681,False,66.66666666666666,55.55555555555556,11.1111111111111,True,0.048884179443120956,11.1111111111111
282,6,1.3752418756484985,0.4960136585052313,False,55.55555555555556,55.55555555555556,0.0,False,1.3752418756484985,0.0
284,1,1.9537651538848877,0.7862529379329292,False,57.14285714285714,57.14285714285714,0.0,False,1.9537651538848877,0.0
284,2,1.6192326545715332,0.613564789366511,False,57.14285714285714,57.14285714285714,0.0,False,1.6192326545715332,0.0
284,3,1.9055731296539307,0.7220658332313453,False,57.14285714285714,57.14285714285714,0.0,False,1.9055731296539307,0.0
285,1,1.1206438541412354,0.450980262875003,False,83.33333333333334,66.66666666666666,16.666666666666686,True,1.1206438541412354,16.666666666666686
285,2,1.3362828493118286,0.5572732322677176,False,66.66666666666666,66.66666666666666,0.0,False,1.3362828493118286,0.0
285,3,0.04351367801427841,0.06277696748203858,False,66.66666666666666,66.66666666666666,0.0,False,0.04351367801427841,0.0
285,4,1.3362828493118286,0.5572732322677176,False,66.66666666666666,66.66666666666666,0.0,False,1.3362828493118286,0.0
285,5,1.1881868839263916,0.47816157763019457,False,83.33333333333334,66.66666666666666,16.666666666666686,True,1.1881868839263916,16.666666666666686
285,6,1.4443938732147217,0.5473143220519944,False,66.66666666666666,66.66666666666666,0.0,False,1.4443938732147217,0.0
286,4,1.5012362003326416,0.5852888268399872,False,25.0,12.5,12.5,True,1.5012362003326416,12.5
286,5,2.1133973598480225,0.8504936634252747,False,12.5,12.5,0.0,False,2.1133973598480225,0.0
286,6,1.8886888027191162,0.630459810909093,False,12.5,12.5,0.0,False,1.8886888027191162,0.0
286,7,2.1133973598480225,0.8504936634252747,False,12.5,12.5,0.0,False,2.1133973598480225,0.0
286,8,2.195718288421631,0.7457170292736821,False,12.5,12.5,0.0,False,2.195718288421631,0.0
286,9,2.103656053543091,0.8465734733828186,False,12.5,12.5,0.0,False,2.103656053543091,0.0
286,12,1.6930036544799805,0.5651385036725873,False,25.0,12.5,12.5,True,1.6930036544799805,12.5
286,13,1.779297113418579,0.5939439679326577,False,12.5,12.5,0.0,False,1.779297113418579,0.0
288,1,1.7584333419799805,0.7076456341448485,False,77.77777777777777,44.44444444444444,33.33333333333333,True,1.7584333419799805,33.33333333333333
288,2,1.1994917392730713,0.46764733805901604,False,44.44444444444444,44.44444444444444,0.0,False,1.1994917392730713,0.0
288,3,1.7584333419799805,0.7076456341448485,False,5.555555555555555,44.44444444444444,-38.888888888888886,False,1.7584333419799805,-38.888888888888886
288,4,1.1994917392730713,0.46764733805901604,False,44.44444444444444,44.44444444444444,0.0,False,1.1994917392730713,0.0
288,5,1.7584333419799805,0.7076456341448485,False,44.44444444444444,44.44444444444444,0.0,False,1.7584333419799805,0.0
288,6,1.367557406425476,0.4932420720952518,False,44.44444444444444,44.44444444444444,0.0,False,1.367557406425476,0.0
289,1,1.1617960929870605,0.4675411420731556,False,46.66666666666667,60.0,-13.333333333333329,False,1.1617960929870605,-13.333333333333329
289,2,1.109478235244751,0.4325536611540637,False,60.0,60.0,0.0,False,1.109478235244751,0.0
289,3,0.4655708372592926,0.1581186910489461,False,4.666666666666667,60.0,-55.333333333333336,False,0.4655708372592926,-55.333333333333336
289,4,1.1613940000534058,0.4527941250281865,False,53.33333333333333,60.0,-6.666666666666671,False,1.1613940000534058,-6.666666666666671
289,5,1.1617960929870605,0.4675411420731556,False,46.66666666666667,60.0,-13.333333333333329,False,1.1617960929870605,-13.333333333333329
289,6,1.0898511409759521,0.37706261763685023,False,73.33333333333333,60.0,13.333333333333329,True,1.0898511409759521,13.333333333333329
289,7,1.5507310628890991,0.6240600881410976,False,60.0,60.0,0.0,False,1.5507310628890991,0.0
289,9,1.116964340209961,0.4232436816265755,False,60.0,60.0,0.0,False,1.116964340209961,0.0
290,7,1.8664093017578125,0.6338760337584534,False,60.0,60.0,0.0,False,1.8664093017578125,0.0
290,9,1.9906229972839355,0.6760618954472181,False,50.0,60.0,-10.0,False,1.9906229972839355,-10.0
290,10,0.05502886325120926,0.07938986811827652,False,70.0,60.0,10.0,False,0.05502886325120926,10.0
290,11,1.994279384613037,0.6773036896752433,False,70.0,60.0,10.0,False,1.994279384613037,10.0
290,12,0.05502886325120926,0.07938986811827652,False,60.0,60.0,0.0,False,0.05502886325120926,0.0
290,13,1.9805104732513428,0.672627446948151,False,60.0,60.0,0.0,False,1.9805104732513428,0.0
290,17,1.9028549194335938,0.6462538136797404,False,60.0,60.0,0.0,False,1.9028549194335938,0.0
290,19,1.9662132263183594,0.6677717691656789,False,60.0,60.0,0.0,False,1.9662132263183594,0.0
291,2,0.954771101474762,0.5328678976571039,False,42.857142857142854,42.857142857142854,0.0,False,0.954771101474762,0.0
291,3,2.042022228240967,0.8217701974499452,False,57.14285714285714,42.857142857142854,14.285714285714285,True,2.042022228240967,14.285714285714285
291,4,0.954771101474762,0.5328678976571039,False,57.14285714285714,42.857142857142854,14.285714285714285,True,0.954771101474762,14.285714285714285
291,5,2.042022228240967,0.8217701974499452,True,100.0,42.857142857142854,57.142857142857146,True,2.042022228240967,57.142857142857146
291,6,1.1585350036621094,0.4516794845449429,False,42.857142857142854,42.857142857142854,0.0,False,1.1585350036621094,0.0
291,7,1.0548980236053467,0.5887497969020524,False,42.857142857142854,42.857142857142854,0.0,False,1.0548980236053467,0.0
291,8,0.03425738215446472,0.04942295534808433,False,57.14285714285714,42.857142857142854,14.285714285714285,True,0.03425738215446472,14.285714285714285
292,1,1.8855540752410889,0.7588027805398464,False,77.77777777777777,44.44444444444444,33.33333333333333,True,1.8855540752410889,33.33333333333333
292,2,1.0704255104064941,0.3703418106969162,False,77.77777777777777,44.44444444444444,33.33333333333333,True,1.0704255104064941,33.33333333333333
292,3,1.8760833740234375,0.7549914899956083,False,77.77777777777777,44.44444444444444,33.33333333333333,True,1.8760833740234375,33.33333333333333
292,4,1.6746551990509033,0.652899907820506,False,66.66666666666666,44.44444444444444,22.222222222222214,True,1.6746551990509033,22.222222222222214
292,5,1.1409910917282104,0.4448396177526949,False,55.55555555555556,44.44444444444444,11.111111111111114,True,1.1409910917282104,11.111111111111114
293,3,1.4841114282608032,0.5972503749335695,False,92.30769230769232,92.30769230769232,0.0,False,1.4841114282608032,0.0
293,5,1.4841114282608032,0.5972503749335695,True,100.0,92.30769230769232,7.692307692307679,False,1.4841114282608032,7.692307692307679
293,7,1.4841114282608032,0.5972503749335695,False,92.30769230769232,92.30769230769232,0.0,False,1.4841114282608032,0.0
293,8,1.7534289360046387,0.5955052722814544,True,100.0,92.30769230769232,7.692307692307679,False,1.7534289360046387,7.692307692307679
293,9,1.1141608953475952,0.37839496869553396,False,84.61538461538461,92.30769230769232,-7.692307692307708,False,1.1141608953475952,-7.692307692307708
294,1,0.43193912506103516,0.1738250912153525,False,60.0,0.0,60.0,True,0.43193912506103516,60.0
294,2,1.1871261596679688,0.43836933273422835,False,60.0,0.0,60.0,True,1.1871261596679688,60.0
294,3,1.744250774383545,0.7019381490778962,False,60.0,0.0,60.0,True,1.744250774383545,60.0
294,4,1.2132625579833984,0.4882527712205639,False,60.0,0.0,60.0,True,1.2132625579833984,60.0
295,1,1.1348809003829956,0.45670967176164057,False,83.33333333333334,83.33333333333334,0.0,False,1.1348809003829956,0.0
295,2,0.5169709324836731,0.17557535956477036,False,83.33333333333334,83.33333333333334,0.0,False,0.5169709324836731,0.0
295,3,1.2000398635864258,0.40756146487578176,True,100.0,83.33333333333334,16.666666666666657,True,1.2000398635864258,16.666666666666657
296,1,1.7215147018432617,0.692788480400313,False,50.0,50.0,0.0,False,1.7215147018432617,0.0
296,2,1.4504916667938232,0.5356221484385537,False,50.0,50.0,0.0,False,1.4504916667938232,0.0
296,3,0.8710212707519531,0.3216414785802112,False,50.0,50.0,0.0,False,0.8710212707519531,0.0
296,4,1.2594199180603027,0.4650652035725568,False,50.0,50.0,0.0,False,1.2594199180603027,0.0
296,5,1.209158182144165,0.44650508386145227,False,50.0,50.0,0.0,False,1.209158182144165,0.0
297,1,1.18598210811615,0.4772743105731283,False,90.0,0.0,90.0,True,1.18598210811615,90.0
297,2,1.5705195665359497,0.5951062710581251,False,80.0,0.0,80.0,True,1.5705195665359497,80.0
297,3,1.6771432161331177,0.6355084436068784,False,0.0,0.0,0.0,False,1.6771432161331177,0.0
298,1,1.3259575366973877,0.533604566920255,False,71.42857142857143,71.42857142857143,0.0,False,1.3259575366973877,0.0
298,2,0.8967745304107666,0.30456550017030415,False,71.42857142857143,71.42857142857143,0.0,False,0.8967745304107666,0.0
298,3,0.16949361562728882,0.05756397630467174,False,85.71428571428571,71.42857142857143,14.285714285714278,True,0.16949361562728882,14.285714285714278
299,1,1.542922854423523,0.6209178338973649,False,85.71428571428571,71.42857142857143,14.285714285714278,True,1.542922854423523,14.285714285714278
299,2,1.3440344333648682,0.5240003781965598,False,71.42857142857143,71.42857142857143,0.0,False,1.3440344333648682,0.0
299,3,1.542922854423523,0.6209178338973649,False,85.71428571428571,71.42857142857143,14.285714285714278,True,1.542922854423523,14.285714285714278
299,4,1.3440344333648682,0.5240003781965598,False,85.71428571428571,71.42857142857143,14.285714285714278,True,1.3440344333648682,14.285714285714278
299,5,0.973414421081543,0.3305941905975966,False,71.42857142857143,71.42857142857143,0.0,False,0.973414421081543,0.0
299,6,0.7621774077415466,0.25885318498171633,False,71.42857142857143,71.42857142857143,0.0,False,0.7621774077415466,0.0
300,5,1.9249871969223022,0.7746718360975582,False,44.44444444444444,66.66666666666666,-22.222222222222214,False,1.9249871969223022,-22.222222222222214
300,6,1.5161192417144775,0.5910912967166498,False,22.22222222222222,66.66666666666666,-44.444444444444436,False,1.5161192417144775,-44.444444444444436
300,7,1.9249871969223022,0.7746718360975582,False,44.44444444444444,66.66666666666666,-22.222222222222214,False,1.9249871969223022,-22.222222222222214
300,8,1.58254873752594,0.5585702682242271,False,55.55555555555556,66.66666666666666,-11.1111111111111,False,1.58254873752594,-11.1111111111111
300,9,1.9440162181854248,0.7823296775962503,False,44.44444444444444,66.66666666666666,-22.222222222222214,False,1.9440162181854248,-22.222222222222214
300,10,1.5161192417144775,0.5910912967166498,False,44.44444444444444,66.66666666666666,-22.222222222222214,False,1.5161192417144775,-22.222222222222214
300,11,1.462540626525879,0.5702025352942317,False,44.44444444444444,66.66666666666666,-22.222222222222214,False,1.462540626525879,-22.222222222222214
300,13,1.9943764209747314,0.6773366454818949,False,55.55555555555556,66.66666666666666,-11.1111111111111,False,1.9943764209747314,-11.1111111111111
301,1,1.8042106628417969,0.7260677832689301,True,100.0,37.5,62.5,True,1.8042106628417969,62.5
301,2,1.5210603475570679,0.5930176918044189,True,100.0,37.5,62.5,True,1.5210603475570679,62.5
302,1,1.1832343339920044,0.4761685249194178,False,83.33333333333334,66.66666666666666,16.666666666666686,True,1.1832343339920044,16.666666666666686
302,2,1.72737455368042,0.7203711410067356,False,66.66666666666666,66.66666666666666,0.0,False,1.72737455368042,0.0
302,3,1.3515098094940186,0.5636233678866182,False,83.33333333333334,66.66666666666666,16.666666666666686,True,1.3515098094940186,16.666666666666686
302,4,0.9419389963150024,0.3928190722089998,False,66.66666666666666,66.66666666666666,0.0,False,0.9419389963150024,0.0
303,1,0.7609317302703857,0.3062214551743039,False,87.5,87.5,0.0,False,0.7609317302703857,0.0
303,2,0.43791186809539795,0.1515071086959914,True,100.0,87.5,12.5,True,0.43791186809539795,12.5
303,3,0.7494577765464783,0.2592945957553887,True,100.0,87.5,12.5,True,0.7494577765464783,12.5
304,1,1.977738618850708,0.7959005699547863,False,50.0,37.5,12.5,True,1.977738618850708,12.5
304,2,1.152188777923584,0.42546802768081216,False,37.5,37.5,0.0,False,1.152188777923584,0.0
305,4,1.4788392782211304,0.5765569109265763,False,71.42857142857143,57.14285714285714,14.285714285714292,True,1.4788392782211304,14.285714285714292
305,6,1.4788392782211304,0.5765569109265763,False,57.14285714285714,57.14285714285714,0.0,False,1.4788392782211304,0.0
305,7,1.2929491996765137,0.5040837145245284,False,71.42857142857143,57.14285714285714,14.285714285714292,True,1.2929491996765137,14.285714285714292
305,8,0.49887779355049133,0.45409813698270235,False,57.14285714285714,57.14285714285714,0.0,False,0.49887779355049133,0.0
305,9,1.2929491996765137,0.5040837145245284,False,57.14285714285714,57.14285714285714,0.0,False,1.2929491996765137,0.0
305,10,1.4788392782211304,0.5765569109265763,False,71.42857142857143,57.14285714285714,14.285714285714292,True,1.4788392782211304,14.285714285714292
305,11,1.2929491996765137,0.5040837145245284,False,71.42857142857143,57.14285714285714,14.285714285714292,True,1.2929491996765137,14.285714285714292
305,12,0.49887779355049133,0.45409813698270235,False,57.14285714285714,57.14285714285714,0.0,False,0.49887779355049133,0.0
306,7,0.03630539029836655,0.0523776065409917,False,62.5,87.5,-25.0,False,0.03630539029836655,-25.0
306,8,1.2481837272644043,0.6966246020746079,False,62.5,87.5,-25.0,False,1.2481837272644043,-25.0
306,9,1.7780303955078125,0.7155320686431038,False,50.0,87.5,-37.5,False,1.7780303955078125,-37.5
306,11,0.3233392536640167,0.13012128793313116,False,62.5,87.5,-25.0,False,0.3233392536640167,-25.0
306,12,1.1943618059158325,0.6665860158285645,False,75.0,87.5,-12.5,False,1.1943618059158325,-12.5
306,13,1.9862046241760254,0.7993075411285484,False,62.5,87.5,-25.0,False,1.9862046241760254,-25.0
306,14,1.1943618059158325,0.6665860158285645,False,62.5,87.5,-25.0,False,1.1943618059158325,-25.0
306,18,1.1943618059158325,0.6665860158285645,False,62.5,87.5,-25.0,False,1.1943618059158325,-25.0
307,1,1.3487548828125,0.5427788938983157,False,7.142857142857144,7.142857142857144,0.0,False,1.3487548828125,0.0
307,2,1.2648974657058716,0.43762448973918894,False,7.142857142857144,7.142857142857144,0.0,False,1.2648974657058716,0.0
307,3,1.1817407608032227,0.4088542442939536,False,7.142857142857144,7.142857142857144,0.0,False,1.1817407608032227,0.0
308,7,1.3329055309295654,0.5364006454903576,False,83.33333333333334,83.33333333333334,0.0,False,1.3329055309295654,0.0
308,9,1.3329055309295654,0.5364006454903576,False,83.33333333333334,83.33333333333334,0.0,False,1.3329055309295654,0.0
308,10,1.1975892782211304,0.4669056231996538,False,83.33333333333334,83.33333333333334,0.0,False,1.1975892782211304,0.0
308,12,1.3329055309295654,0.5364006454903576,False,83.33333333333334,83.33333333333334,0.0,False,1.3329055309295654,0.0
308,13,1.1975892782211304,0.4669056231996538,False,83.33333333333334,83.33333333333334,0.0,False,1.1975892782211304,0.0
309,1,1.328052043914795,0.5344474586311311,False,81.81818181818181,72.72727272727273,9.09090909090908,False,1.328052043914795,9.09090909090908
309,2,1.7935826778411865,0.6623151509935732,False,63.63636363636363,72.72727272727273,-9.0909090909091,False,1.7935826778411865,-9.0909090909091
309,3,1.3757160902023315,0.5536288819218624,False,72.72727272727273,72.72727272727273,0.0,False,1.3757160902023315,0.0
309,4,1.5657848119735718,0.5933121627948278,False,72.72727272727273,72.72727272727273,0.0,False,1.5657848119735718,0.0
310,1,1.4665285348892212,0.5901744981101555,False,80.0,5.0,75.0,True,1.4665285348892212,75.0
310,2,1.4324660301208496,0.5427945857961658,False,5.0,5.0,0.0,False,1.4324660301208496,0.0
312,1,1.4099791049957275,0.567417333410098,False,33.33333333333333,66.66666666666666,-33.33333333333333,False,1.4099791049957275,-33.33333333333333
312,2,1.8353819847106934,0.6233384348247839,False,66.66666666666666,66.66666666666666,0.0,False,1.8353819847106934,0.0
312,3,0.034204356372356415,0.049346455315197414,False,66.66666666666666,66.66666666666666,0.0,False,0.034204356372356415,0.0
312,4,1.927710771560669,0.6546954395048787,False,66.66666666666666,66.66666666666666,0.0,False,1.927710771560669,0.0
312,5,2.2351505756378174,0.8994907618877792,False,33.33333333333333,66.66666666666666,-33.33333333333333,False,2.2351505756378174,-33.33333333333333
312,6,1.8834441900253296,0.6396614782482352,False,66.66666666666666,66.66666666666666,0.0,False,1.8834441900253296,0.0
312,7,0.034204356372356415,0.049346455315197414,False,66.66666666666666,66.66666666666666,0.0,False,0.034204356372356415,0.0
313,1,0.9210358262062073,0.3706520831616694,False,60.0,40.0,20.0,True,0.9210358262062073,20.0
313,2,1.3527902364730835,0.5274140140575346,False,40.0,40.0,0.0,False,1.3527902364730835,0.0
313,3,1.2283653020858765,0.4430391324298419,False,40.0,40.0,0.0,False,1.2283653020858765,0.0
313,4,0.7668286561965942,0.2765749748765936,False,40.0,40.0,0.0,False,0.7668286561965942,0.0
313,5,1.1994030475616455,0.4325932071860739,False,40.0,40.0,0.0,False,1.1994030475616455,0.0
313,6,1.0036673545837402,0.3619964787900267,False,20.0,40.0,-20.0,False,1.0036673545837402,-20.0
314,1,1.6227279901504517,0.6530337830955921,False,50.0,33.33333333333333,16.66666666666667,True,1.6227279901504517,16.66666666666667
314,2,1.0308340787887573,0.36383920079698157,False,66.66666666666666,33.33333333333333,33.33333333333333,True,1.0308340787887573,33.33333333333333
314,3,0.5025268197059631,0.17736991842150243,False,33.33333333333333,33.33333333333333,0.0,False,0.5025268197059631,0.0
315,1,1.7056622505187988,0.6864089846853271,False,90.9090909090909,54.54545454545454,36.36363636363637,True,1.7056622505187988,36.36363636363637
315,2,1.3728142976760864,0.4951380948296888,False,54.54545454545454,54.54545454545454,0.0,False,1.3728142976760864,0.0
316,1,1.3763396739959717,0.5538798305012359,False,66.66666666666666,66.66666666666666,0.0,False,1.3763396739959717,0.0
316,2,1.3377130031585693,0.4824779789473876,False,66.66666666666666,66.66666666666666,0.0,False,1.3377130031585693,0.0
317,1,1.4930427074432373,0.6008445860815802,False,33.33333333333333,0.0,33.33333333333333,True,1.4930427074432373,33.33333333333333
317,3,1.8351683616638184,0.7385260777584485,False,33.33333333333333,0.0,33.33333333333333,True,1.8351683616638184,33.33333333333333
317,4,0.7999600768089294,0.4464662196838155,False,33.33333333333333,0.0,33.33333333333333,True,0.7999600768089294,33.33333333333333
317,5,1.913456916809082,0.7700317100331832,False,33.33333333333333,0.0,33.33333333333333,True,1.913456916809082,33.33333333333333
317,6,1.8291836977005005,0.7131461260158352,False,33.33333333333333,0.0,33.33333333333333,True,1.8291836977005005,33.33333333333333
317,7,1.2486886978149414,0.48682781754831056,False,33.33333333333333,0.0,33.33333333333333,True,1.2486886978149414,33.33333333333333
317,10,1.4930427074432373,0.6008445860815802,False,0.0,0.0,0.0,False,1.4930427074432373,0.0
318,3,1.6044812202453613,0.6456907427014401,False,66.66666666666666,3.333333333333333,63.33333333333332,True,1.6044812202453613,63.33333333333332
318,4,1.2028740644454956,0.4689660093858339,False,50.0,3.333333333333333,46.666666666666664,True,1.2028740644454956,46.666666666666664
318,5,1.105715274810791,0.43108659108384445,False,83.33333333333334,3.333333333333333,80.00000000000001,True,1.105715274810791,80.00000000000001
318,6,1.2028740644454956,0.4689660093858339,False,83.33333333333334,3.333333333333333,80.00000000000001,True,1.2028740644454956,80.00000000000001
318,7,1.105715274810791,0.43108659108384445,False,50.0,3.333333333333333,46.666666666666664,True,1.105715274810791,46.666666666666664
318,8,1.3432061672210693,0.5236774610436774,False,83.33333333333334,3.333333333333333,80.00000000000001,True,1.3432061672210693,80.00000000000001
318,9,1.3334710597991943,0.519882022590456,False,66.66666666666666,3.333333333333333,63.33333333333332,True,1.3334710597991943,63.33333333333332
318,10,1.3432061672210693,0.5236774610436774,False,66.66666666666666,3.333333333333333,63.33333333333332,True,1.3432061672210693,63.33333333333332
319,1,1.648005485534668,0.6632061955628262,False,44.44444444444444,55.55555555555556,-11.111111111111114,False,1.648005485534668,-11.111111111111114
319,2,1.1450879573822021,0.3822397506916483,False,44.44444444444444,55.55555555555556,-11.111111111111114,False,1.1450879573822021,-11.111111111111114
320,1,0.4966558814048767,0.1998690298676809,False,0.0,0.0,0.0,False,0.4966558814048767,0.0
320,2,1.2106282711029053,0.6756645029058957,False,66.66666666666666,0.0,66.66666666666666,True,1.2106282711029053,66.66666666666666
320,3,1.7344691753387451,0.6980017440440756,False,0.0,0.0,0.0,False,1.7344691753387451,0.0
320,4,1.3371453285217285,0.5066753622653084,False,0.0,0.0,0.0,False,1.3371453285217285,0.0
320,5,0.7737557888031006,0.2931940053442888,False,0.0,0.0,0.0,False,0.7737557888031006,0.0
320,6,0.03171496465802193,0.04575502223409698,False,0.0,0.0,0.0,False,0.03171496465802193,0.0
320,7,0.7737557888031006,0.2931940053442888,False,0.0,0.0,0.0,False,0.7737557888031006,0.0
321,1,1.334155797958374,0.5369037899561327,False,81.81818181818181,0.0,81.81818181818181,True,1.334155797958374,81.81818181818181
321,4,1.0625114440917969,0.4142426598018047,False,81.81818181818181,0.0,81.81818181818181,True,1.0625114440917969,81.81818181818181
321,5,1.2188892364501953,0.4752098644382196,False,90.9090909090909,0.0,90.9090909090909,True,1.2188892364501953,90.9090909090909
321,6,1.3062186241149902,0.509257081554125,False,0.0,0.0,0.0,False,1.3062186241149902,0.0
321,7,1.334155797958374,0.5369037899561327,False,90.9090909090909,0.0,90.9090909090909,True,1.334155797958374,90.9090909090909
321,8,1.3062186241149902,0.509257081554125,False,81.81818181818181,0.0,81.81818181818181,True,1.3062186241149902,81.81818181818181
321,9,1.334155797958374,0.5369037899561327,False,81.81818181818181,0.0,81.81818181818181,True,1.334155797958374,81.81818181818181
321,10,1.3062186241149902,0.509257081554125,False,81.81818181818181,0.0,81.81818181818181,True,1.3062186241149902,81.81818181818181
322,1,0.942960262298584,0.37947512530461963,True,100.0,0.0,100.0,True,0.942960262298584,100.0
322,2,0.9811241626739502,0.32750729140090756,True,100.0,0.0,100.0,True,0.9811241626739502,100.0
322,3,1.798790454864502,0.7238865311169599,True,100.0,0.0,100.0,True,1.798790454864502,100.0
322,4,0.7707316875457764,0.2666548638389597,False,0.0,0.0,0.0,False,0.7707316875457764,0.0
322,5,1.6931034326553345,0.5857735870930685,False,83.33333333333334,0.0,83.33333333333334,True,1.6931034326553345,83.33333333333334
322,6,0.8435258269309998,0.2918399076612148,False,0.0,0.0,0.0,False,0.8435258269309998,0.0
323,4,1.3747761249542236,0.5359856797776326,False,70.0,80.0,-10.0,False,1.3747761249542236,-10.0
323,5,1.324337363243103,0.5163210569403854,False,80.0,80.0,0.0,False,1.324337363243103,0.0
323,7,0.9683783650398254,0.3897041223349145,False,80.0,80.0,0.0,False,0.9683783650398254,0.0
323,8,1.3095802068710327,0.4371486125218428,False,80.0,80.0,0.0,False,1.3095802068710327,0.0
323,9,2.0083656311035156,0.8082257863790816,False,80.0,80.0,0.0,False,2.0083656311035156,0.0
323,10,1.3747761249542236,0.5359856797776326,False,90.0,80.0,10.0,False,1.3747761249542236,10.0
323,14,1.4357599020004272,0.48761747557318563,False,90.0,80.0,10.0,False,1.4357599020004272,10.0
323,15,1.373177170753479,0.4663629236229648,True,100.0,80.0,20.0,True,1.373177170753479,20.0
324,10,2.001553535461426,0.7219078399209927,False,66.66666666666666,44.44444444444444,22.222222222222214,True,2.001553535461426,22.222222222222214
324,11,0.029257984831929207,0.04221034962342878,False,66.66666666666666,44.44444444444444,22.222222222222214,True,0.029257984831929207,22.222222222222214
324,12,1.9590011835098267,0.7065603231363093,False,66.66666666666666,44.44444444444444,22.222222222222214,True,1.9590011835098267,22.222222222222214
324,13,1.8904712200164795,0.7607815851664951,False,66.66666666666666,44.44444444444444,22.222222222222214,True,1.8904712200164795,22.222222222222214
324,14,1.4682886600494385,0.4901267957124661,False,66.66666666666666,44.44444444444444,22.222222222222214,True,1.4682886600494385,22.222222222222214
324,15,2.0496859550476074,0.8248543079968321,False,66.66666666666666,44.44444444444444,22.222222222222214,True,2.0496859550476074,22.222222222222214
324,16,1.7159454822540283,0.5936763938985571,False,55.55555555555556,44.44444444444444,11.111111111111114,True,1.7159454822540283,11.111111111111114
324,17,2.0124926567077637,0.8098866236602729,False,88.88888888888889,44.44444444444444,44.44444444444444,True,2.0124926567077637,44.44444444444444
325,12,1.564980387687683,0.5523694115626158,False,60.0,80.0,-20.0,False,1.564980387687683,-20.0
325,13,0.03396912291646004,0.04900708517492454,False,40.0,80.0,-40.0,False,0.03396912291646004,-40.0
325,14,0.49102380871772766,0.17330986025032108,False,80.0,80.0,0.0,False,0.49102380871772766,0.0
325,15,0.03396912291646004,0.04900708517492454,False,60.0,80.0,-20.0,False,0.03396912291646004,-20.0
325,16,0.5231382846832275,0.18464486120705195,False,60.0,80.0,-20.0,False,0.5231382846832275,-20.0
325,17,1.4164875745773315,0.5700365342489542,False,60.0,80.0,-20.0,False,1.4164875745773315,-20.0
325,18,1.156275987625122,0.4081146907100616,False,60.0,80.0,-20.0,False,1.156275987625122,-20.0
325,19,1.2392373085021973,0.49870577979576125,False,80.0,80.0,0.0,False,1.2392373085021973,0.0
326,4,0.9710338115692139,0.35857304682682434,False,80.0,80.0,0.0,False,0.9710338115692139,0.0
326,5,0.7669917941093445,0.30866020426754476,False,80.0,80.0,0.0,False,0.7669917941093445,0.0
326,6,0.9710338115692139,0.35857304682682434,False,80.0,80.0,0.0,False,0.9710338115692139,0.0
326,7,0.03252396732568741,0.04692216637080391,False,80.0,80.0,0.0,False,0.03252396732568741,0.0
326,8,0.9710338115692139,0.35857304682682434,False,80.0,80.0,0.0,False,0.9710338115692139,0.0
326,10,1.0472586154937744,0.3495835141006635,False,80.0,80.0,0.0,False,1.0472586154937744,0.0
327,10,1.3376481533050537,0.5215105512371164,True,100.0,57.14285714285714,42.85714285714286,True,1.3376481533050537,42.85714285714286
327,19,1.3376481533050537,0.5215105512371164,True,100.0,57.14285714285714,42.85714285714286,True,1.3376481533050537,42.85714285714286
327,21,1.7996606826782227,0.7242367365517576,False,57.14285714285714,57.14285714285714,0.0,False,1.7996606826782227,0.0
327,22,0.8465778827667236,0.4071179043979435,False,71.42857142857143,57.14285714285714,14.285714285714292,True,0.8465778827667236,14.285714285714292
327,23,2.0003139972686768,0.8049855705602998,False,85.71428571428571,57.14285714285714,28.57142857142857,True,2.0003139972686768,28.57142857142857
327,25,1.7996606826782227,0.7242367365517576,True,100.0,57.14285714285714,42.85714285714286,True,1.7996606826782227,42.85714285714286
327,26,0.8465778827667236,0.4071179043979435,True,100.0,57.14285714285714,42.85714285714286,True,0.8465778827667236,42.85714285714286
327,32,1.4809207916259766,0.5611552181937163,True,100.0,57.14285714285714,42.85714285714286,True,1.4809207916259766,42.85714285714286
328,6,1.0623059272766113,0.5928842266614532,True,100.0,50.0,50.0,True,1.0623059272766113,50.0
328,8,1.066611409187317,0.5952871618682422,False,83.33333333333334,50.0,33.33333333333334,True,1.066611409187317,33.33333333333334
328,9,2.001310348510742,0.8053865317964697,False,83.33333333333334,50.0,33.33333333333334,True,2.001310348510742,33.33333333333334
328,10,1.2711217403411865,0.7094265509247315,False,5.0,50.0,-45.0,False,1.2711217403411865,-45.0
328,11,1.8857601881027222,0.7588857264572114,False,83.33333333333334,50.0,33.33333333333334,True,1.8857601881027222,33.33333333333334
328,12,1.5620602369308472,0.609002369729739,True,100.0,50.0,50.0,True,1.5620602369308472,50.0
328,13,1.1341358423233032,0.4925489380497071,True,100.0,50.0,50.0,True,1.1341358423233032,50.0
328,14,1.5079338550567627,0.5879000498275433,True,100.0,50.0,50.0,True,1.5079338550567627,50.0
329,3,1.825181245803833,0.7345069666739988,False,90.0,90.0,0.0,False,1.825181245803833,0.0
329,4,1.2853468656539917,0.4290593244933463,False,60.0,90.0,-30.0,False,1.2853468656539917,-30.0
329,5,1.75896155834198,0.707858204046436,False,0.0,90.0,-90.0,False,1.75896155834198,-90.0
329,6,1.223610520362854,0.4770505572764327,False,80.0,90.0,-10.0,False,1.223610520362854,-10.0
329,7,1.1765530109405518,0.45870418747953584,False,80.0,90.0,-10.0,False,1.1765530109405518,-10.0
329,8,1.2817317247390747,0.499710343602094,False,80.0,90.0,-10.0,False,1.2817317247390747,-10.0
329,9,1.4131183624267578,0.5509342156467698,False,90.0,90.0,0.0,False,1.4131183624267578,0.0
329,12,1.4515138864517212,0.49296789531791874,False,90.0,90.0,0.0,False,1.4515138864517212,0.0
330,3,1.8337372541427612,0.7379501577249216,False,60.0,6.0,54.0,True,1.8337372541427612,54.0
330,5,1.5808831453323364,0.6361941787500184,True,100.0,6.0,94.0,True,1.5808831453323364,94.0
330,7,0.7191032767295837,0.28938844716397455,True,100.0,6.0,94.0,True,0.7191032767295837,94.0
330,9,0.8519495725631714,0.30070081886013705,False,60.0,6.0,54.0,True,0.8519495725631714,54.0
330,10,0.8386025428771973,0.29598990299706773,False,80.0,6.0,74.0,True,0.8386025428771973,74.0
330,11,1.140875220298767,0.4026788955700083,False,40.0,6.0,34.0,True,1.140875220298767,34.0
330,12,0.7496888637542725,0.26460727545528506,False,80.0,6.0,74.0,True,0.7496888637542725,74.0
330,14,1.8337372541427612,0.7379501577249216,False,80.0,6.0,74.0,True,1.8337372541427612,74.0
331,1,0.9709436297416687,0.390736460794012,False,80.0,80.0,0.0,False,0.9709436297416687,0.0
331,2,1.6178960800170898,0.5710463292188235,True,100.0,80.0,20.0,True,1.6178960800170898,20.0
331,3,1.2877311706542969,0.4545126025739719,True,100.0,80.0,20.0,True,1.2877311706542969,20.0
331,4,1.4456918239593506,0.5102657824876691,True,100.0,80.0,20.0,True,1.4456918239593506,20.0
331,5,1.3492287397384644,0.476218546185025,True,100.0,80.0,20.0,True,1.3492287397384644,20.0
332,1,0.25617504119873047,0.10309242048210786,False,83.33333333333334,83.33333333333334,0.0,False,0.25617504119873047,0.0
332,2,1.4267445802688599,0.5406265958143703,False,83.33333333333334,83.33333333333334,0.0,False,1.4267445802688599,0.0
332,3,0.933169960975647,0.35359973067037975,False,83.33333333333334,83.33333333333334,0.0,False,0.933169960975647,0.0
333,1,1.0500190258026123,0.4225587411471552,False,62.5,75.0,-12.5,False,1.0500190258026123,-12.5
333,2,1.5519134998321533,0.5369252227131349,False,62.5,75.0,-12.5,False,1.5519134998321533,-12.5
333,3,1.9056626558303833,0.7668950686710766,False,62.5,75.0,-12.5,False,1.9056626558303833,-12.5
333,4,1.2879245281219482,0.5021247395685712,False,62.5,75.0,-12.5,False,1.2879245281219482,-12.5
333,5,1.9056626558303833,0.7668950686710766,False,62.5,75.0,-12.5,False,1.9056626558303833,-12.5
333,6,1.3628487586975098,0.4915437864136442,False,75.0,75.0,0.0,False,1.3628487586975098,0.0
334,1,0.9545226693153381,0.38412818018607386,False,50.0,50.0,0.0,False,0.9545226693153381,0.0
334,2,1.8133158683776855,0.6540154527184379,False,50.0,50.0,0.0,False,1.8133158683776855,0.0
334,3,0.030893314629793167,0.04456963181302507,False,66.66666666666666,50.0,16.666666666666657,True,0.030893314629793167,16.666666666666657
334,4,1.6267518997192383,0.5867267246204113,False,50.0,50.0,0.0,False,1.6267518997192383,0.0
334,5,1.6877403259277344,0.6087236496310663,False,66.66666666666666,50.0,16.666666666666657,True,1.6877403259277344,16.666666666666657
335,1,0.833685576915741,0.3354997568970516,False,60.0,60.0,0.0,False,0.833685576915741,0.0
335,2,1.1927947998046875,0.42100422910510626,False,80.0,60.0,20.0,True,1.1927947998046875,20.0
335,3,1.8135662078857422,0.6401092991074652,False,80.0,60.0,20.0,True,1.8135662078857422,20.0
335,4,0.03792383521795273,0.054712529000430624,False,60.0,60.0,0.0,False,0.03792383521795273,0.0
336,1,1.5656225681304932,0.630052870704042,True,100.0,75.0,25.0,True,1.5656225681304932,25.0
336,2,0.8352939486503601,0.2836852638348201,False,87.5,75.0,12.5,True,0.8352939486503601,12.5
336,3,0.06169118359684944,0.08900156464174526,True,100.0,75.0,25.0,True,0.06169118359684944,25.0
336,4,0.8170019388198853,0.2774728716066568,False,87.5,75.0,12.5,True,0.8170019388198853,12.5
336,5,0.6732585430145264,0.22865426920992718,False,87.5,75.0,12.5,True,0.6732585430145264,12.5
336,6,1.4891122579574585,0.505737177266625,False,87.5,75.0,12.5,True,1.4891122579574585,12.5
337,16,1.479896903038025,0.5769692484309477,False,0.0,33.33333333333333,-33.33333333333333,False,1.479896903038025,-33.33333333333333
337,17,1.197727918624878,0.466959675106505,False,0.0,33.33333333333333,-33.33333333333333,False,1.197727918624878,-33.33333333333333
337,18,1.479896903038025,0.5769692484309477,False,83.33333333333334,33.33333333333333,50.000000000000014,True,1.479896903038025,50.000000000000014
337,20,0.4264609217643738,0.17162050002995374,False,33.33333333333333,33.33333333333333,0.0,False,0.4264609217643738,0.0
337,21,1.1669741868972778,0.4309278263830947,False,33.33333333333333,33.33333333333333,0.0,False,1.1669741868972778,0.0
337,22,2.031611680984497,0.8175806850361256,False,66.66666666666666,33.33333333333333,33.33333333333333,True,2.031611680984497,33.33333333333333
337,23,1.1669741868972778,0.4309278263830947,False,33.33333333333333,33.33333333333333,0.0,False,1.1669741868972778,0.0
337,26,0.9374893307685852,0.33812780209653776,False,33.33333333333333,33.33333333333333,0.0,False,0.9374893307685852,0.0
338,1,0.4555041790008545,0.18330836654959082,False,90.0,80.0,10.0,False,0.4555041790008545,10.0
338,2,0.9681788682937622,0.32318604597638556,False,80.0,80.0,0.0,False,0.9681788682937622,0.0
338,3,0.9965470433235168,0.3326555754400783,False,80.0,80.0,0.0,False,0.9965470433235168,0.0
339,1,1.490978717803955,0.6000139755475956,False,50.0,33.33333333333333,16.66666666666667,True,1.490978717803955,16.66666666666667
339,2,1.2344002723693848,0.48125717132717133,False,50.0,33.33333333333333,16.66666666666667,True,1.2344002723693848,16.66666666666667
339,3,1.490978717803955,0.6000139755475956,False,50.0,33.33333333333333,16.66666666666667,True,1.490978717803955,16.66666666666667
339,4,1.2344002723693848,0.48125717132717133,False,33.33333333333333,33.33333333333333,0.0,False,1.2344002723693848,0.0
339,5,1.3318620920181274,0.5192547323180823,False,16.666666666666664,33.33333333333333,-16.666666666666664,False,1.3318620920181274,-16.666666666666664
339,6,1.5990540981292725,0.623425212461822,False,50.0,33.33333333333333,16.66666666666667,True,1.5990540981292725,16.66666666666667
339,8,0.08316125720739365,0.11997633336719839,False,50.0,33.33333333333333,16.66666666666667,True,0.08316125720739365,16.66666666666667
339,10,0.7651203870773315,0.2759588470298776,False,16.666666666666664,33.33333333333333,-16.666666666666664,False,0.7651203870773315,-16.666666666666664
341,1,1.4585331678390503,0.5869569257112677,False,44.44444444444444,22.22222222222222,22.22222222222222,True,1.4585331678390503,22.22222222222222
341,2,1.0870952606201172,0.42382718296472993,False,6.666666666666666,22.22222222222222,-15.555555555555555,False,1.0870952606201172,-15.555555555555555
341,3,1.3836537599563599,0.5394468143908018,False,44.44444444444444,22.22222222222222,22.22222222222222,True,1.3836537599563599,22.22222222222222
341,4,1.0870952606201172,0.42382718296472993,False,55.55555555555556,22.22222222222222,33.333333333333336,True,1.0870952606201172,33.333333333333336
341,5,1.3836537599563599,0.5394468143908018,False,22.22222222222222,22.22222222222222,0.0,False,1.3836537599563599,0.0
341,6,1.257568120956421,0.4765217135846604,False,33.33333333333333,22.22222222222222,11.111111111111107,True,1.257568120956421,11.111111111111107
342,1,0.6732239127159119,0.2709252328546619,False,66.66666666666666,66.66666666666666,0.0,False,0.6732239127159119,0.0
342,2,1.1685080528259277,0.455567689641393,False,0.0,66.66666666666666,-66.66666666666666,False,1.1685080528259277,-66.66666666666666
342,3,1.1139720678329468,0.43430567726117436,False,66.66666666666666,66.66666666666666,0.0,False,1.1139720678329468,0.0
342,4,0.9960906505584717,0.35157629503904647,False,66.66666666666666,66.66666666666666,0.0,False,0.9960906505584717,0.0
342,5,2.1718053817749023,0.7665520093398973,False,66.66666666666666,66.66666666666666,0.0,False,2.1718053817749023,0.0
344,5,1.8275259733200073,0.7354505544407162,True,100.0,42.857142857142854,57.142857142857146,True,1.8275259733200073,57.142857142857146
344,6,1.7128674983978271,0.604567072928427,False,42.857142857142854,42.857142857142854,0.0,False,1.7128674983978271,0.0
344,7,1.6962158679962158,0.6826074807039244,False,85.71428571428571,42.857142857142854,42.857142857142854,True,1.6962158679962158,42.857142857142854
344,9,1.0979671478271484,0.4418544849243417,False,42.857142857142854,42.857142857142854,0.0,False,1.0979671478271484,0.0
344,10,1.7408790588378906,0.6144539247247554,True,100.0,42.857142857142854,57.142857142857146,True,1.7408790588378906,57.142857142857146
344,11,1.8513374328613281,0.6534408842684719,False,57.14285714285714,42.857142857142854,14.285714285714285,True,1.8513374328613281,14.285714285714285
344,12,1.5154473781585693,0.5348864325158635,False,57.14285714285714,42.857142857142854,14.285714285714285,True,1.5154473781585693,14.285714285714285
344,14,1.8773679733276367,0.662628522933565,False,71.42857142857143,42.857142857142854,28.571428571428577,True,1.8773679733276367,28.571428571428577
345,7,2.035849094390869,0.7342773481189986,False,60.0,60.0,0.0,False,2.035849094390869,0.0
345,8,0.9526485204696655,0.3435953240479487,False,40.0,60.0,-20.0,False,0.9526485204696655,-20.0
345,9,2.0548715591430664,0.7411382520098686,False,40.0,60.0,-20.0,False,2.0548715591430664,-20.0
345,10,0.9921112060546875,0.35782847924636657,False,20.0,60.0,-40.0,False,0.9921112060546875,-40.0
345,11,1.590813159942627,0.5737645642075323,False,20.0,60.0,-40.0,False,1.590813159942627,-40.0
345,12,1.5104691982269287,0.5447866054243797,False,20.0,60.0,-40.0,False,1.5104691982269287,-40.0
345,14,1.1441230773925781,0.41265517248022304,False,20.0,60.0,-40.0,False,1.1441230773925781,-40.0
345,15,1.3706969022750854,0.4943744058685325,False,20.0,60.0,-40.0,False,1.3706969022750854,-40.0
346,1,0.48593762516975403,0.19555568625131722,False,83.33333333333334,66.66666666666666,16.666666666666686,True,0.48593762516975403,16.666666666666686
346,2,1.1565948724746704,0.43826060900438546,False,83.33333333333334,66.66666666666666,16.666666666666686,True,1.1565948724746704,16.666666666666686
347,1,1.8253204822540283,0.7345629995435665,False,37.5,37.5,0.0,False,1.8253204822540283,0.0
347,2,1.4058129787445068,0.5070398532130105,False,37.5,37.5,0.0,False,1.4058129787445068,0.0
348,1,1.2735527753829956,0.5125153395567792,False,71.42857142857143,57.14285714285714,14.285714285714292,True,1.2735527753829956,14.285714285714292
348,2,1.529116153717041,0.5290378822515377,False,71.42857142857143,57.14285714285714,14.285714285714292,True,1.529116153717041,14.285714285714292
348,3,2.2126598358154297,0.7655277663749296,False,71.42857142857143,57.14285714285714,14.285714285714292,True,2.2126598358154297,14.285714285714292
349,2,1.3661220073699951,0.4726457777058976,False,66.66666666666666,50.0,16.666666666666657,True,1.3661220073699951,16.666666666666657
349,3,0.0246661975979805,0.03558580095219373,False,50.0,50.0,0.0,False,0.0246661975979805,0.0
349,4,0.9108891487121582,0.31514601754037813,False,83.33333333333334,50.0,33.33333333333334,True,0.9108891487121582,33.33333333333334
349,5,1.6976046562194824,0.6831663701991837,False,83.33333333333334,50.0,33.33333333333334,True,1.6976046562194824,33.33333333333334
349,6,0.9249452352523804,0.3504831914307924,False,50.0,50.0,0.0,False,0.9249452352523804,0.0
349,7,1.8139286041259766,0.7299785705353284,False,83.33333333333334,50.0,33.33333333333334,True,1.8139286041259766,33.33333333333334
349,9,0.36247891187667847,0.14587224510329325,False,50.0,50.0,0.0,False,0.36247891187667847,0.0
349,10,1.1608481407165527,0.40162589381288016,False,50.0,50.0,0.0,False,1.1608481407165527,0.0
350,7,1.1265429258346558,0.4533542239628063,False,80.0,40.0,40.0,True,1.1265429258346558,40.0
350,8,1.1603403091430664,0.6475982569485047,False,60.0,40.0,20.0,True,1.1603403091430664,20.0
350,9,1.7858171463012695,0.7186656876843347,False,40.0,40.0,0.0,False,1.7858171463012695,0.0
350,10,1.167942762374878,0.45534729914931354,False,80.0,40.0,40.0,True,1.167942762374878,40.0
350,11,1.7858171463012695,0.7186656876843347,False,60.0,40.0,20.0,True,1.7858171463012695,20.0
350,12,1.167942762374878,0.45534729914931354,False,60.0,40.0,20.0,True,1.167942762374878,20.0
350,13,1.3350346088409424,0.5204916054023738,False,60.0,40.0,20.0,True,1.3350346088409424,20.0
350,14,1.0104100704193115,0.3939298323688106,False,60.0,40.0,20.0,True,1.0104100704193115,20.0
351,2,1.4975831508636475,0.5674689723705155,False,37.5,50.0,-12.5,False,1.4975831508636475,-12.5
351,9,1.472661018371582,0.5926423910118402,False,37.5,50.0,-12.5,False,1.472661018371582,-12.5
351,10,1.4975831508636475,0.5674689723705155,False,37.5,50.0,-12.5,False,1.4975831508636475,-12.5
351,11,1.5753452777862549,0.6339655769043298,False,75.0,50.0,25.0,True,1.5753452777862549,25.0
351,13,1.472661018371582,0.5926423910118402,False,37.5,50.0,-12.5,False,1.472661018371582,-12.5
351,14,1.6754306554794312,0.6532022359839342,False,62.5,50.0,12.5,True,1.6754306554794312,12.5
351,15,1.1632000207901,0.6491942924075866,False,62.5,50.0,12.5,True,1.1632000207901,12.5
351,16,1.760522484779358,0.686377093433806,False,37.5,50.0,-12.5,False,1.760522484779358,-12.5
352,1,1.9421272277832031,0.7815694919360031,False,50.0,75.0,-25.0,False,1.9421272277832031,-25.0
352,2,0.8679114580154419,0.37692915699671226,False,75.0,75.0,0.0,False,0.8679114580154419,0.0
353,1,2.011136054992676,0.8093406869687663,False,83.33333333333334,83.33333333333334,0.0,False,2.011136054992676,0.0
353,2,0.6818127632141113,0.23155948146262145,False,83.33333333333334,83.33333333333334,0.0,False,0.6818127632141113,0.0
353,3,1.0580180883407593,0.35932756488649675,False,83.33333333333334,83.33333333333334,0.0,False,1.0580180883407593,0.0
354,1,1.1124626398086548,0.4476879000277795,False,66.66666666666666,50.0,16.666666666666657,True,1.1124626398086548,16.666666666666657
354,2,0.6904029250144958,0.24901021903341203,False,66.66666666666666,50.0,16.666666666666657,True,0.6904029250144958,16.666666666666657
355,1,1.4924488067626953,0.6006055828656676,False,33.33333333333333,41.66666666666667,-8.333333333333343,False,1.4924488067626953,-8.333333333333343
355,2,0.8719266057014465,0.3399391115325448,False,25.0,41.66666666666667,-16.66666666666667,False,0.8719266057014465,-16.66666666666667
355,3,1.745152235031128,0.7023009235296688,False,33.33333333333333,41.66666666666667,-8.333333333333343,False,1.745152235031128,-8.333333333333343
355,4,1.009141445159912,0.34272791941016767,False,41.66666666666667,41.66666666666667,0.0,False,1.009141445159912,0.0
355,5,1.2088119983673096,0.4105406859915704,False,33.33333333333333,41.66666666666667,-8.333333333333343,False,1.2088119983673096,-8.333333333333343
356,5,1.3111830949783325,0.527658894184293,False,83.33333333333334,0.0,83.33333333333334,True,1.3111830949783325,83.33333333333334
356,6,1.3364614248275757,0.521047879927827,False,83.33333333333334,0.0,83.33333333333334,True,1.3364614248275757,83.33333333333334
356,8,1.3111830949783325,0.527658894184293,False,83.33333333333334,0.0,83.33333333333334,True,1.3111830949783325,83.33333333333334
356,10,1.3111830949783325,0.527658894184293,False,83.33333333333334,0.0,83.33333333333334,True,1.3111830949783325,83.33333333333334
356,11,1.3364614248275757,0.521047879927827,False,66.66666666666666,0.0,66.66666666666666,True,1.3364614248275757,66.66666666666666
356,12,1.1891642808914185,0.4636209589994803,True,100.0,0.0,100.0,True,1.1891642808914185,100.0
356,13,1.2559317350387573,0.48965166949016103,False,83.33333333333334,0.0,83.33333333333334,True,1.2559317350387573,83.33333333333334
356,14,1.1891642808914185,0.4636209589994803,False,66.66666666666666,0.0,66.66666666666666,True,1.1891642808914185,66.66666666666666
357,1,1.9908899068832397,0.8011930375948297,False,60.0,60.0,0.0,False,1.9908899068832397,0.0
358,1,1.1282832622528076,0.4540545868590545,False,83.33333333333334,83.33333333333334,0.0,False,1.1282832622528076,0.0
358,2,1.5964646339416504,0.6049374585486534,True,100.0,83.33333333333334,16.666666666666657,True,1.5964646339416504,16.666666666666657
358,3,1.530590534210205,0.579976235087453,False,83.33333333333334,83.33333333333334,0.0,False,1.530590534210205,0.0
359,1,0.35770919919013977,0.14395277151383443,False,50.0,66.66666666666666,-16.666666666666657,False,0.35770919919013977,-16.666666666666657
359,2,1.2737343311309814,0.44068183535605243,False,50.0,66.66666666666666,-16.666666666666657,False,1.2737343311309814,-16.666666666666657
359,3,0.07284411787986755,0.105091847623216,False,66.66666666666666,66.66666666666666,0.0,False,0.07284411787986755,0.0
359,4,1.5036709308624268,0.5202344393085665,False,50.0,66.66666666666666,-16.666666666666657,False,1.5036709308624268,-16.666666666666657
359,5,1.8289341926574707,0.6327678049237203,False,50.0,66.66666666666666,-16.666666666666657,False,1.8289341926574707,-16.666666666666657
359,6,0.07284411787986755,0.105091847623216,False,66.66666666666666,66.66666666666666,0.0,False,0.07284411787986755,0.0
359,7,1.7811371088027954,0.6162311487914773,False,50.0,66.66666666666666,-16.666666666666657,False,1.7811371088027954,-16.666666666666657
359,9,0.658806562423706,0.22793142806766015,False,50.0,66.66666666666666,-16.666666666666657,False,0.658806562423706,-16.666666666666657
360,1,1.1292943954467773,0.454461496790281,False,60.0,60.0,0.0,False,1.1292943954467773,0.0
360,2,1.516002893447876,0.5467824640876426,False,80.0,60.0,20.0,True,1.516002893447876,20.0
360,3,1.073838710784912,0.3873054456909976,False,60.0,60.0,0.0,False,1.073838710784912,0.0
360,4,0.22083717584609985,0.31860069843709227,False,60.0,60.0,0.0,False,0.22083717584609985,0.0
360,5,0.7032551169395447,0.2536456674221173,False,80.0,60.0,20.0,True,0.7032551169395447,20.0
361,2,1.2767037153244019,0.49775006731046034,False,81.81818181818181,81.81818181818181,0.0,False,1.2767037153244019,0.0
361,3,1.2465100288391113,0.48597841716171336,False,90.9090909090909,81.81818181818181,9.090909090909093,False,1.2465100288391113,9.090909090909093
361,4,1.2658491134643555,0.4935181701665772,False,81.81818181818181,81.81818181818181,0.0,False,1.2658491134643555,0.0
361,5,1.2465100288391113,0.48597841716171336,False,63.63636363636363,81.81818181818181,-18.18181818181818,False,1.2465100288391113,-18.18181818181818
361,6,1.2767037153244019,0.49775006731046034,False,90.9090909090909,81.81818181818181,9.090909090909093,False,1.2767037153244019,9.090909090909093
361,7,1.4888802766799927,0.5991695007162608,False,81.81818181818181,81.81818181818181,0.0,False,1.4888802766799927,0.0
361,8,1.318041443824768,0.44763754764512076,False,81.81818181818181,81.81818181818181,0.0,False,1.318041443824768,0.0
361,9,0.8574254512786865,0.29120163716940756,False,81.81818181818181,81.81818181818181,0.0,False,0.8574254512786865,0.0
362,17,1.4172008037567139,0.552525842131745,False,37.5,62.5,-25.0,False,1.4172008037567139,-25.0
362,18,1.3387994766235352,0.5219594190929797,False,37.5,62.5,-25.0,False,1.3387994766235352,-25.0
362,19,1.4172008037567139,0.552525842131745,False,50.0,62.5,-12.5,False,1.4172008037567139,-12.5
362,20,1.3387994766235352,0.5219594190929797,False,62.5,62.5,0.0,False,1.3387994766235352,0.0
362,22,1.1422449350357056,0.45967317731358487,False,62.5,62.5,0.0,False,1.1422449350357056,0.0
362,23,1.5267378091812134,0.5282150315129327,False,62.5,62.5,0.0,False,1.5267378091812134,0.0
362,24,1.5225756168365479,0.6127295031249751,False,50.0,62.5,-12.5,False,1.5225756168365479,-12.5
362,26,1.1422449350357056,0.45967317731358487,False,25.0,62.5,-37.5,False,1.1422449350357056,-37.5
363,2,0.5099083185195923,0.1764161710778488,False,33.33333333333333,5.0,28.33333333333333,True,0.5099083185195923,28.33333333333333
363,5,0.3620304465293884,0.12525393854280603,False,16.666666666666664,5.0,11.666666666666664,True,0.3620304465293884,11.666666666666664
363,7,1.1094645261764526,0.44648137034488056,False,16.666666666666664,5.0,11.666666666666664,True,1.1094645261764526,11.666666666666664
363,8,0.20094916224479675,0.06952363885227797,False,16.666666666666664,5.0,11.666666666666664,True,0.20094916224479675,11.666666666666664
363,10,1.7261581420898438,0.5972097317150216,False,16.666666666666664,5.0,11.666666666666664,True,1.7261581420898438,11.666666666666664
363,11,1.6593323945999146,0.6677644790968226,False,5.0,5.0,0.0,False,1.6593323945999146,0.0
363,12,1.5610344409942627,0.6086024413905691,False,33.33333333333333,5.0,28.33333333333333,True,1.5610344409942627,28.33333333333333
363,13,1.6593323945999146,0.6677644790968226,False,50.0,5.0,45.0,True,1.6593323945999146,45.0
364,20,0.8852449059486389,0.3268938314320515,False,85.71428571428571,71.42857142857143,14.285714285714278,True,0.8852449059486389,14.285714285714278
364,22,1.085702657699585,0.3915844600357897,False,71.42857142857143,71.42857142857143,0.0,False,1.085702657699585,0.0
364,23,1.8539553880691528,0.7460865333622585,False,85.71428571428571,71.42857142857143,14.285714285714278,True,1.8539553880691528,14.285714285714278
364,24,1.7395391464233398,0.6781962931794163,False,57.14285714285714,71.42857142857143,-14.285714285714292,False,1.7395391464233398,-14.285714285714292
364,25,1.8539553880691528,0.7460865333622585,False,57.14285714285714,71.42857142857143,-14.285714285714292,False,1.8539553880691528,-14.285714285714292
364,26,0.8852449059486389,0.3268938314320515,False,71.42857142857143,71.42857142857143,0.0,False,0.8852449059486389,0.0
364,27,1.8539553880691528,0.7460865333622585,False,57.14285714285714,71.42857142857143,-14.285714285714292,False,1.8539553880691528,-14.285714285714292
364,28,1.7395391464233398,0.6781962931794163,False,71.42857142857143,71.42857142857143,0.0,False,1.7395391464233398,0.0
366,1,0.521923303604126,0.21003738858707383,False,60.0,80.0,-20.0,False,0.521923303604126,-20.0
366,2,1.7666213512420654,0.5897126945680736,False,80.0,80.0,0.0,False,1.7666213512420654,0.0
366,4,0.028644006699323654,0.041324566416304484,False,80.0,80.0,0.0,False,0.028644006699323654,0.0
366,5,0.6289091110229492,0.20993501875147277,False,80.0,80.0,0.0,False,0.6289091110229492,0.0
366,7,0.521923303604126,0.21003738858707383,False,80.0,80.0,0.0,False,0.521923303604126,0.0
366,8,1.7666213512420654,0.5897126945680736,False,60.0,80.0,-20.0,False,1.7666213512420654,-20.0
366,9,1.8396294116973877,0.7403213363585853,False,20.0,80.0,-60.0,False,1.8396294116973877,-60.0
366,10,1.518547773361206,0.5477003354952974,False,40.0,80.0,-40.0,False,1.518547773361206,-40.0
368,1,1.8527880907058716,0.7456167783461572,True,100.0,42.857142857142854,57.142857142857146,True,1.8527880907058716,57.142857142857146
368,2,0.7629176378250122,0.269276452274776,False,85.71428571428571,42.857142857142854,42.857142857142854,True,0.7629176378250122,42.857142857142854
369,1,1.5143318176269531,0.6094119542704545,False,50.0,50.0,0.0,False,1.5143318176269531,0.0
369,2,1.055283546447754,0.3896838936066401,False,50.0,50.0,0.0,False,1.055283546447754,0.0
370,2,1.1830209493637085,0.47608265262787147,False,71.42857142857143,42.857142857142854,28.571428571428577,True,1.1830209493637085,28.571428571428577
370,3,1.1830209493637085,0.47608265262787147,False,71.42857142857143,42.857142857142854,28.571428571428577,True,1.1830209493637085,28.571428571428577
370,4,1.1830209493637085,0.47608265262787147,False,71.42857142857143,42.857142857142854,28.571428571428577,True,1.1830209493637085,28.571428571428577
370,5,1.1505703926086426,0.43597779392552316,False,71.42857142857143,42.857142857142854,28.571428571428577,True,1.1505703926086426,28.571428571428577
370,6,1.1912319660186768,0.4793870088119031,False,71.42857142857143,42.857142857142854,28.571428571428577,True,1.1912319660186768,28.571428571428577
370,7,1.1912319660186768,0.4793870088119031,False,57.14285714285714,42.857142857142854,14.285714285714285,True,1.1912319660186768,14.285714285714285
370,8,1.1912319660186768,0.4793870088119031,False,71.42857142857143,42.857142857142854,28.571428571428577,True,1.1912319660186768,28.571428571428577
370,10,1.1291687488555908,0.4072615385751891,False,71.42857142857143,42.857142857142854,28.571428571428577,True,1.1291687488555908,28.571428571428577
371,3,0.8868329524993896,0.3568878342271126,False,80.0,60.0,20.0,True,0.8868329524993896,20.0
371,4,1.2732914686203003,0.49641973043882764,False,80.0,60.0,20.0,True,1.2732914686203003,20.0
371,5,1.1724953651428223,0.4571222280595864,True,100.0,60.0,40.0,True,1.1724953651428223,40.0
371,6,1.2885140180587769,0.5023545647443057,False,90.0,60.0,30.0,True,1.2885140180587769,30.0
371,7,1.1724953651428223,0.4571222280595864,False,80.0,60.0,20.0,True,1.1724953651428223,20.0
371,8,1.2732914686203003,0.49641973043882764,False,90.0,60.0,30.0,True,1.2732914686203003,30.0
371,9,1.1724953651428223,0.4571222280595864,True,100.0,60.0,40.0,True,1.1724953651428223,40.0
371,11,0.8868329524993896,0.3568878342271126,False,80.0,60.0,20.0,True,0.8868329524993896,20.0
372,1,1.6086266040802002,0.6473589678781052,False,44.44444444444444,44.44444444444444,0.0,False,1.6086266040802002,0.0
372,3,1.6086266040802002,0.6473589678781052,False,55.55555555555556,44.44444444444444,11.111111111111114,True,1.6086266040802002,11.111111111111114
373,1,1.072106122970581,0.4314472429224042,False,50.0,0.0,50.0,True,1.072106122970581,50.0
373,2,1.2594144344329834,0.6056503196601479,False,50.0,0.0,50.0,True,1.2594144344329834,50.0
374,1,1.985391616821289,0.7989803629004223,False,66.66666666666666,66.66666666666666,0.0,False,1.985391616821289,0.0
374,3,1.985391616821289,0.7989803629004223,False,66.66666666666666,66.66666666666666,0.0,False,1.985391616821289,0.0
374,5,1.985391616821289,0.7989803629004223,False,66.66666666666666,66.66666666666666,0.0,False,1.985391616821289,0.0
374,6,1.9071681499481201,0.6878655080178829,False,66.66666666666666,66.66666666666666,0.0,False,1.9071681499481201,0.0
374,7,1.2305114269256592,0.4438131833457127,False,50.0,66.66666666666666,-16.666666666666657,False,1.2305114269256592,-16.666666666666657
374,8,1.1975228786468506,0.43191507959372183,False,83.33333333333334,66.66666666666666,16.666666666666686,True,1.1975228786468506,16.666666666666686
374,9,0.8905094861984253,0.32118340490076175,False,83.33333333333334,66.66666666666666,16.666666666666686,True,0.8905094861984253,16.666666666666686
375,1,1.1213016510009766,0.45124497980503225,False,55.55555555555556,55.55555555555556,0.0,False,1.1213016510009766,0.0
375,2,2.024725914001465,0.6876440396039918,False,55.55555555555556,55.55555555555556,0.0,False,2.024725914001465,0.0
376,1,1.5467171669006348,0.62244477756643,False,40.0,20.0,20.0,True,1.5467171669006348,20.0
376,2,1.592721939086914,0.6209564857308486,False,60.0,20.0,40.0,True,1.592721939086914,40.0
376,3,1.5467171669006348,0.62244477756643,False,60.0,20.0,40.0,True,1.5467171669006348,40.0
376,5,1.5467171669006348,0.62244477756643,False,0.0,20.0,-20.0,False,1.5467171669006348,-20.0
376,6,1.5638728141784668,0.5220335702172625,False,40.0,20.0,20.0,True,1.5638728141784668,20.0
376,7,1.4000797271728516,0.4673580945575838,False,40.0,20.0,20.0,True,1.4000797271728516,20.0
377,1,0.6363558769226074,0.25608844379602674,False,80.0,80.0,0.0,False,0.6363558769226074,0.0
377,2,1.0075136423110962,0.36338373384754885,False,80.0,80.0,0.0,False,1.0075136423110962,0.0
377,3,1.2283496856689453,0.4943242780463169,False,80.0,80.0,0.0,False,1.2283496856689453,0.0
377,4,1.0658652782440186,0.35579457071426746,False,80.0,80.0,0.0,False,1.0658652782440186,0.0
378,1,0.49962833523750305,0.20106523328758802,False,75.0,25.0,50.0,True,0.49962833523750305,50.0
378,3,0.6667223572731018,0.26830881446994526,False,75.0,25.0,50.0,True,0.6667223572731018,50.0
378,5,0.49962833523750305,0.20106523328758802,False,75.0,25.0,50.0,True,0.49962833523750305,50.0
378,6,0.775853157043457,0.2939887467911001,False,75.0,25.0,50.0,True,0.775853157043457,50.0
378,7,0.6667223572731018,0.26830881446994526,False,75.0,25.0,50.0,True,0.6667223572731018,50.0
378,8,0.8961018323898315,0.3493643372657775,False,75.0,25.0,50.0,True,0.8961018323898315,50.0
378,9,2.067817449569702,0.8321509581642103,False,75.0,25.0,50.0,True,2.067817449569702,50.0
378,13,0.755928635597229,0.2791412933517837,False,75.0,25.0,50.0,True,0.755928635597229,50.0
379,1,1.03376305103302,0.4160168556517869,False,83.33333333333334,66.66666666666666,16.666666666666686,True,1.03376305103302,16.666666666666686
379,2,1.072836995124817,0.37866438733797303,False,83.33333333333334,66.66666666666666,16.666666666666686,True,1.072836995124817,16.666666666666686
380,3,0.8583516478538513,0.2865248191339691,False,66.66666666666666,83.33333333333334,-16.666666666666686,False,0.8583516478538513,-16.666666666666686
380,6,1.2896692752838135,0.4651498669597053,False,66.66666666666666,83.33333333333334,-16.666666666666686,False,1.2896692752838135,-16.666666666666686
380,8,1.7244858741760254,0.6939841681067375,False,83.33333333333334,83.33333333333334,0.0,False,1.7244858741760254,0.0
380,9,1.515115737915039,0.5145685642104775,False,83.33333333333334,83.33333333333334,0.0,False,1.515115737915039,0.0
380,10,1.6480815410614014,0.6632368025583606,False,83.33333333333334,83.33333333333334,0.0,False,1.6480815410614014,0.0
380,11,1.2878127098083496,0.43737116609321774,False,66.66666666666666,83.33333333333334,-16.666666666666686,False,1.2878127098083496,-16.666666666666686
380,14,0.7768555283546448,0.3126296629376086,False,83.33333333333334,83.33333333333334,0.0,False,0.7768555283546448,0.0
380,16,0.7715225219726562,0.2575405448556187,False,66.66666666666666,83.33333333333334,-16.666666666666686,False,0.7715225219726562,-16.666666666666686
381,18,1.4812095165252686,0.577480998685753,False,66.66666666666666,66.66666666666666,0.0,False,1.4812095165252686,0.0
381,19,1.8219146728515625,0.7331924010131322,False,66.66666666666666,66.66666666666666,0.0,False,1.8219146728515625,0.0
381,20,1.053726077079773,0.5067351286194567,False,83.33333333333334,66.66666666666666,16.666666666666686,True,1.053726077079773,16.666666666666686
381,21,1.8219146728515625,0.7331924010131322,False,66.66666666666666,66.66666666666666,0.0,False,1.8219146728515625,0.0
381,23,1.8740360736846924,0.7541675957302363,False,66.66666666666666,66.66666666666666,0.0,False,1.8740360736846924,0.0
381,26,1.212724208831787,0.5831970673492037,False,50.0,66.66666666666666,-16.666666666666657,False,1.212724208831787,-16.666666666666657
381,29,0.06722532957792282,0.09698564960419541,False,83.33333333333334,66.66666666666666,16.666666666666686,True,0.06722532957792282,16.666666666666686
381,31,0.0360286645591259,0.051978375689302886,False,50.0,66.66666666666666,-16.666666666666657,False,0.0360286645591259,-16.666666666666657
383,6,1.2468827962875366,0.4861237484710201,False,80.0,80.0,0.0,False,1.2468827962875366,0.0
383,7,1.0545477867126465,0.41113785878264075,False,80.0,80.0,0.0,False,1.0545477867126465,0.0
383,8,1.2468827962875366,0.4861237484710201,False,70.0,80.0,-10.0,False,1.2468827962875366,-10.0
383,10,0.9195170998573303,0.3700409027179266,False,70.0,80.0,-10.0,False,0.9195170998573303,-10.0
383,11,1.0545477867126465,0.41113785878264075,False,80.0,80.0,0.0,False,1.0545477867126465,0.0
383,12,0.9195170998573303,0.3700409027179266,False,80.0,80.0,0.0,False,0.9195170998573303,0.0
383,13,1.0545477867126465,0.41113785878264075,True,100.0,80.0,20.0,True,1.0545477867126465,20.0
383,14,1.2468827962875366,0.4861237484710201,False,80.0,80.0,0.0,False,1.2468827962875366,0.0
384,1,0.411149799823761,0.16545885128475077,False,66.66666666666666,83.33333333333334,-16.666666666666686,False,0.411149799823761,-16.666666666666686
384,2,0.23386190831661224,0.07806502282634552,False,66.66666666666666,83.33333333333334,-16.666666666666686,False,0.23386190831661224,-16.666666666666686
384,3,0.5245216488838196,0.1750896278396576,True,100.0,83.33333333333334,16.666666666666657,True,0.5245216488838196,16.666666666666657
385,1,1.2186036109924316,0.4904021690699716,False,90.0,80.0,10.0,False,1.2186036109924316,10.0
385,2,1.2303749322891235,0.47968780697752,False,90.0,80.0,10.0,False,1.2303749322891235,10.0
385,3,1.2186036109924316,0.4904021690699716,False,90.0,80.0,10.0,False,1.2186036109924316,10.0
385,4,1.7648475170135498,0.6880632991367024,False,90.0,80.0,10.0,False,1.7648475170135498,10.0
385,5,1.8834493160247803,0.7343027302062528,True,100.0,80.0,20.0,True,1.8834493160247803,20.0
385,6,0.035960182547569275,0.05187957703084004,False,90.0,80.0,10.0,False,0.035960182547569275,10.0
386,1,0.7831048965454102,0.3151445937062548,False,66.66666666666666,66.66666666666666,0.0,False,0.7831048965454102,0.0
386,2,1.137949824333191,0.3937036200358803,False,66.66666666666666,66.66666666666666,0.0,False,1.137949824333191,0.0
387,1,0.3126423954963684,0.12581655553259574,False,83.33333333333334,83.33333333333334,0.0,False,0.3126423954963684,0.0
387,2,0.8235719799995422,0.3120705150121194,False,83.33333333333334,83.33333333333334,0.0,False,0.8235719799995422,0.0
388,2,1.0925908088684082,0.4259697392036296,False,80.0,70.0,10.0,False,1.0925908088684082,10.0
388,3,1.2524627447128296,0.5040280868577833,False,80.0,70.0,10.0,False,1.2524627447128296,10.0
388,4,1.0925908088684082,0.4259697392036296,False,90.0,70.0,20.0,True,1.0925908088684082,20.0
388,5,1.2524627447128296,0.5040280868577833,False,90.0,70.0,20.0,True,1.2524627447128296,20.0
388,6,1.0925908088684082,0.4259697392036296,False,80.0,70.0,10.0,False,1.0925908088684082,10.0
388,7,1.2524627447128296,0.5040280868577833,True,100.0,70.0,30.0,True,1.2524627447128296,30.0
388,9,0.8791782259941101,0.2985893856910569,False,60.0,70.0,-10.0,False,0.8791782259941101,-10.0
389,1,1.6095255613327026,0.6477207348895859,False,40.0,40.0,0.0,False,1.6095255613327026,0.0
389,3,1.6095255613327026,0.6477207348895859,False,20.0,40.0,-20.0,False,1.6095255613327026,-20.0
389,5,1.6095255613327026,0.6477207348895859,False,40.0,40.0,0.0,False,1.6095255613327026,0.0
389,6,1.560107946395874,0.6082412277877767,False,40.0,40.0,0.0,False,1.560107946395874,0.0
390,1,1.5324805974960327,0.6167155605731813,False,80.0,60.0,20.0,True,1.5324805974960327,20.0
391,1,1.0993549823760986,0.4424129906328232,False,60.0,20.0,40.0,True,1.0993549823760986,40.0
391,2,1.0669012069702148,0.41595410212157136,False,4.000000000000001,20.0,-16.0,False,1.0669012069702148,-16.0
391,3,1.7505807876586914,0.6825011115974607,False,20.0,20.0,0.0,False,1.7505807876586914,0.0
391,4,1.6820082664489746,0.6557666573634086,False,20.0,20.0,0.0,False,1.6820082664489746,0.0
391,5,1.7505807876586914,0.6825011115974607,False,60.0,20.0,40.0,True,1.7505807876586914,40.0
391,6,1.6820082664489746,0.6557666573634086,False,20.0,20.0,0.0,False,1.6820082664489746,0.0
392,1,1.1138873100280762,0.44826122950055586,False,0.0,0.0,0.0,False,1.1138873100280762,0.0
392,2,1.2297630310058594,0.41765614424585584,False,0.0,0.0,0.0,False,1.2297630310058594,0.0
392,3,1.1127021312713623,0.3778995384670407,False,0.0,0.0,0.0,False,1.1127021312713623,0.0
393,1,1.5231733322143555,0.6129700414879992,False,80.0,20.0,60.0,True,1.5231733322143555,60.0
393,2,1.4185198545455933,0.5116228898888653,False,40.0,20.0,20.0,True,1.4185198545455933,20.0
393,3,1.9852728843688965,0.7989325814465786,False,60.0,20.0,40.0,True,1.9852728843688965,40.0
394,1,1.7387502193450928,0.6997245628898913,False,57.14285714285714,0.0,57.14285714285714,True,1.7387502193450928,57.14285714285714
394,2,1.6940646171569824,0.6110046555294597,False,0.0,0.0,0.0,False,1.6940646171569824,0.0
395,1,1.3484272956848145,0.5426470631401206,True,100.0,83.33333333333334,16.666666666666657,True,1.3484272956848145,16.666666666666657
395,2,1.31682288646698,0.48626236172838183,False,83.33333333333334,83.33333333333334,0.0,False,1.31682288646698,0.0
395,3,1.3854916095733643,0.5116196180593151,False,83.33333333333334,83.33333333333334,0.0,False,1.3854916095733643,0.0
395,4,1.3471341133117676,0.4974553694623044,False,83.33333333333334,83.33333333333334,0.0,False,1.3471341133117676,0.0
395,5,1.1354304552078247,0.41927969235787815,False,83.33333333333334,83.33333333333334,0.0,False,1.1354304552078247,0.0
398,1,1.3074150085449219,0.5261425046516189,False,42.857142857142854,42.857142857142854,0.0,False,1.3074150085449219,0.0
398,2,1.352171778678894,0.49931562499415383,False,42.857142857142854,42.857142857142854,0.0,False,1.352171778678894,0.0
398,3,1.236189842224121,0.45648704803218804,False,42.857142857142854,42.857142857142854,0.0,False,1.236189842224121,0.0
398,4,1.547391653060913,0.5714043456177826,False,28.57142857142857,42.857142857142854,-14.285714285714285,False,1.547391653060913,-14.285714285714285
399,2,1.2366576194763184,0.42785417346329635,False,0.0,0.0,0.0,False,1.2366576194763184,0.0
399,3,1.6304492950439453,0.6561410647691924,False,60.0,0.0,60.0,True,1.6304492950439453,60.0
399,4,1.6743367910385132,0.6527757696922174,True,100.0,0.0,100.0,True,1.6743367910385132,100.0
399,5,1.9942200183868408,0.8025331730497713,True,100.0,0.0,100.0,True,1.9942200183868408,100.0
399,6,1.44369637966156,0.5207034018717708,False,0.0,0.0,0.0,False,1.44369637966156,0.0
399,7,1.8693478107452393,0.752280899930274,False,0.0,0.0,0.0,False,1.8693478107452393,0.0
399,10,0.9508745670318604,0.3289800228756664,False,0.0,0.0,0.0,False,0.9508745670318604,0.0
399,11,1.0932281017303467,0.37823096587619665,False,0.0,0.0,0.0,False,1.0932281017303467,0.0
400,1,1.190115213394165,0.4789375944950285,False,60.0,50.0,10.0,False,1.190115213394165,10.0
400,2,1.4796793460845947,0.5336815136755173,False,60.0,50.0,10.0,False,1.4796793460845947,10.0
400,3,1.8909742832183838,0.7609840326918165,False,60.0,50.0,10.0,False,1.8909742832183838,10.0
400,5,1.190115213394165,0.4789375944950285,True,100.0,50.0,50.0,True,1.190115213394165,50.0
400,6,1.086330533027649,0.39181091819131336,False,50.0,50.0,0.0,False,1.086330533027649,0.0
400,7,0.9298141002655029,0.3353595478504186,False,50.0,50.0,0.0,False,0.9298141002655029,0.0
401,5,0.8916771411895752,0.358837279165255,False,66.66666666666666,66.66666666666666,0.0,False,0.8916771411895752,0.0
401,6,1.6765549182891846,0.6191003835921527,False,66.66666666666666,66.66666666666666,0.0,False,1.6765549182891846,0.0
401,7,1.8029507398605347,0.725560752962029,True,100.0,66.66666666666666,33.33333333333334,True,1.8029507398605347,33.33333333333334
401,8,1.6765549182891846,0.6191003835921527,False,66.66666666666666,66.66666666666666,0.0,False,1.6765549182891846,0.0
401,9,1.8029507398605347,0.725560752962029,False,0.0,66.66666666666666,-66.66666666666666,False,1.8029507398605347,-66.66666666666666
401,10,1.6765549182891846,0.6191003835921527,False,66.66666666666666,66.66666666666666,0.0,False,1.6765549182891846,0.0
401,11,1.8029507398605347,0.725560752962029,False,66.66666666666666,66.66666666666666,0.0,False,1.8029507398605347,0.0
401,13,1.4671885967254639,0.5904401265337823,True,100.0,66.66666666666666,33.33333333333334,True,1.4671885967254639,33.33333333333334
402,4,1.2144449949264526,0.42864579805620023,False,40.0,40.0,0.0,False,1.2144449949264526,0.0
402,5,2.0366973876953125,0.7188648154464222,False,80.0,40.0,40.0,True,2.0366973876953125,40.0
402,6,1.1931428909301758,0.4211270899995103,False,60.0,40.0,20.0,True,1.1931428909301758,20.0
402,7,2.1670360565185547,0.7648686467839666,False,60.0,40.0,20.0,True,2.1670360565185547,20.0
402,8,2.0021615028381348,0.7066751633929931,False,40.0,40.0,0.0,False,2.0021615028381348,0.0
402,9,0.08184941112995148,0.11808373953686292,False,60.0,40.0,20.0,True,0.08184941112995148,20.0
402,10,1.1419246196746826,0.40304928750611757,False,60.0,40.0,20.0,True,1.1419246196746826,20.0
402,11,1.4443602561950684,0.5097957974909247,False,60.0,40.0,20.0,True,1.4443602561950684,20.0
403,4,0.9232136011123657,0.33297892100151294,False,87.5,75.0,12.5,True,0.9232136011123657,12.5
403,5,1.6641557216644287,0.6002173017280664,False,87.5,75.0,12.5,True,1.6641557216644287,12.5
403,6,1.7890427112579346,0.7199637505137534,False,62.5,75.0,-12.5,False,1.7890427112579346,-12.5
403,7,1.6163817644119263,0.548960863461167,False,87.5,75.0,12.5,True,1.6163817644119263,12.5
403,8,1.6163817644119263,0.548960863461167,False,87.5,75.0,12.5,True,1.6163817644119263,12.5
403,9,1.6163817644119263,0.548960863461167,False,75.0,75.0,0.0,False,1.6163817644119263,0.0
403,11,1.819549560546875,0.7322406098040383,False,75.0,75.0,0.0,False,1.819549560546875,0.0
403,12,1.3813846111297607,0.49822918200930877,False,0.0,75.0,-75.0,False,1.3813846111297607,-75.0
404,1,1.7890909910202026,0.7199831797193825,False,30.76923076923077,30.76923076923077,0.0,False,1.7890909910202026,0.0
404,3,1.7890909910202026,0.7199831797193825,False,3.076923076923077,30.76923076923077,-27.692307692307693,False,1.7890909910202026,-27.692307692307693
405,1,0.9889478087425232,0.3979818754265458,False,40.0,40.0,0.0,False,0.9889478087425232,0.0
405,2,1.2317280769348145,0.4956838427068877,False,80.0,40.0,40.0,True,1.2317280769348145,40.0
405,3,2.1158080101013184,0.8514637804530115,True,100.0,40.0,60.0,True,2.1158080101013184,60.0
405,5,0.9889478087425232,0.3979818754265458,False,80.0,40.0,40.0,True,0.9889478087425232,40.0
405,6,2.187687635421753,0.7302680732635654,False,80.0,40.0,40.0,True,2.187687635421753,40.0
405,7,0.027696583420038223,0.03995772354965663,False,40.0,40.0,0.0,False,0.027696583420038223,0.0
405,8,2.187687635421753,0.7302680732635654,False,40.0,40.0,0.0,False,2.187687635421753,0.0
406,3,1.5304248332977295,0.6158882602001559,False,83.33333333333334,83.33333333333334,0.0,False,1.5304248332977295,0.0
406,5,1.5304248332977295,0.6158882602001559,False,66.66666666666666,83.33333333333334,-16.666666666666686,False,1.5304248332977295,-16.666666666666686
406,6,0.9884592294692993,0.4292823889448569,False,83.33333333333334,83.33333333333334,0.0,False,0.9884592294692993,0.0
406,7,1.4670579433441162,0.5903875477452154,False,66.66666666666666,83.33333333333334,-16.666666666666686,False,1.4670579433441162,-16.666666666666686
406,8,0.9428015947341919,0.3400437963163062,False,83.33333333333334,83.33333333333334,0.0,False,0.9428015947341919,0.0
406,9,1.5263705253601074,0.5505217968740272,True,100.0,83.33333333333334,16.666666666666657,True,1.5263705253601074,16.666666666666657
406,11,1.5304248332977295,0.6158882602001559,True,100.0,83.33333333333334,16.666666666666657,True,1.5304248332977295,16.666666666666657
407,1,0.554300844669342,0.22306706962880565,False,60.0,40.0,20.0,True,0.554300844669342,20.0
407,2,1.413156270980835,0.5509489951019535,False,60.0,40.0,20.0,True,1.413156270980835,20.0
407,3,1.5674288272857666,0.6110954287366555,False,60.0,40.0,20.0,True,1.5674288272857666,20.0
408,1,1.8861849308013916,0.7590566554934011,False,55.55555555555556,33.33333333333333,22.22222222222223,True,1.8861849308013916,22.22222222222223
408,2,1.268235683441162,0.5507877590712961,False,44.44444444444444,33.33333333333333,11.111111111111114,True,1.268235683441162,11.111111111111114
409,1,1.437328815460205,0.5784236665722757,False,81.81818181818181,54.54545454545454,27.272727272727273,True,1.437328815460205,27.272727272727273
409,3,1.437328815460205,0.5784236665722757,False,81.81818181818181,54.54545454545454,27.272727272727273,True,1.437328815460205,27.272727272727273
409,4,1.3694170713424683,0.5338963388726491,True,100.0,54.54545454545454,45.45454545454546,True,1.3694170713424683,45.45454545454546
409,5,1.2463585138320923,0.4859193458172526,False,90.9090909090909,54.54545454545454,36.36363636363637,True,1.2463585138320923,36.36363636363637
409,6,1.258346676826477,0.427363815562145,False,90.9090909090909,54.54545454545454,36.36363636363637,True,1.258346676826477,36.36363636363637
409,7,1.3819801807403564,0.46935263067723343,False,81.81818181818181,54.54545454545454,27.272727272727273,True,1.3819801807403564,27.272727272727273
409,8,1.0708997249603271,0.41751300930953605,False,81.81818181818181,54.54545454545454,27.272727272727273,True,1.0708997249603271,27.272727272727273
409,10,1.0708997249603271,0.41751300930953605,False,63.63636363636363,54.54545454545454,9.090909090909093,False,1.0708997249603271,9.090909090909093
410,1,0.5394541025161743,0.2170923010577471,False,66.66666666666666,66.66666666666666,0.0,False,0.5394541025161743,0.0
410,2,1.493927240371704,0.5168633537504185,False,66.66666666666666,66.66666666666666,0.0,False,1.493927240371704,0.0
411,1,0.6940275430679321,0.2792972295869316,False,37.5,37.5,0.0,False,0.6940275430679321,0.0
411,2,1.6288028955459595,0.5437077638495469,False,37.5,37.5,0.0,False,1.6288028955459595,0.0
411,3,0.7363505363464355,0.2963292550282552,False,37.5,37.5,0.0,False,0.7363505363464355,0.0
412,2,0.9914358854293823,0.5533309032023832,False,62.5,75.0,-12.5,False,0.9914358854293823,-12.5
412,3,0.029659252613782883,0.042789256662377595,True,100.0,75.0,25.0,True,0.029659252613782883,25.0
412,4,0.9914358854293823,0.5533309032023832,False,75.0,75.0,0.0,False,0.9914358854293823,0.0
412,5,2.1487643718719482,0.8647263960822311,False,75.0,75.0,0.0,False,2.1487643718719482,0.0
412,6,0.7491910457611084,0.325369537065376,False,75.0,75.0,0.0,False,0.7491910457611084,0.0
412,7,0.7406278848648071,0.3216506035404627,False,75.0,75.0,0.0,False,0.7406278848648071,0.0
413,1,1.2550604343414307,0.505073474067328,False,87.5,87.5,0.0,False,1.2550604343414307,0.0
413,3,1.2550604343414307,0.505073474067328,False,75.0,87.5,-12.5,False,1.2550604343414307,-12.5
413,4,1.1856496334075928,0.4276327115872379,False,87.5,87.5,0.0,False,1.1856496334075928,0.0
413,5,0.7079146504402161,0.25532623889068595,False,87.5,87.5,0.0,False,0.7079146504402161,0.0
414,1,1.5838690996170044,0.6373958151514996,False,33.33333333333333,33.33333333333333,0.0,False,1.5838690996170044,0.0
414,3,1.5838690996170044,0.6373958151514996,False,66.66666666666666,33.33333333333333,33.33333333333333,True,1.5838690996170044,33.33333333333333
414,4,1.5577703714370728,0.5199965247859115,False,33.33333333333333,33.33333333333333,0.0,False,1.5577703714370728,0.0
414,5,1.906542420387268,0.6364194948988011,False,33.33333333333333,33.33333333333333,0.0,False,1.906542420387268,0.0
415,2,1.2221879959106445,0.47649595589684934,False,72.72727272727273,0.0,72.72727272727273,True,1.2221879959106445,72.72727272727273
415,3,1.9850573539733887,0.7988458456347822,False,90.9090909090909,0.0,90.9090909090909,True,1.9850573539733887,90.9090909090909
415,4,1.2221879959106445,0.47649595589684934,False,72.72727272727273,0.0,72.72727272727273,True,1.2221879959106445,72.72727272727273
415,5,1.4594324827194214,0.568990759397988,False,72.72727272727273,0.0,72.72727272727273,True,1.4594324827194214,72.72727272727273
415,6,1.68131685256958,0.5816957102408765,False,72.72727272727273,0.0,72.72727272727273,True,1.68131685256958,72.72727272727273
415,7,2.1113169193267822,0.7304655235295966,False,0.0,0.0,0.0,False,2.1113169193267822,0.0
415,9,1.3739147186279297,0.4753418707730423,False,0.0,0.0,0.0,False,1.3739147186279297,0.0
415,10,0.0405660942196846,0.05852450295897342,False,0.0,0.0,0.0,False,0.0405660942196846,0.0
416,1,0.7478386759757996,0.30095242251438353,False,33.33333333333333,50.0,-16.66666666666667,False,0.7478386759757996,-16.66666666666667
416,2,1.444133996963501,0.499636073808946,False,33.33333333333333,50.0,-16.66666666666667,False,1.444133996963501,-16.66666666666667
416,3,0.8351083993911743,0.28892767759363613,False,50.0,50.0,0.0,False,0.8351083993911743,0.0
416,4,0.03487764671444893,0.05031780795281272,False,50.0,50.0,0.0,False,0.03487764671444893,0.0
416,5,0.8351083993911743,0.28892767759363613,False,50.0,50.0,0.0,False,0.8351083993911743,0.0
417,1,1.1091878414154053,0.4463700242059538,False,66.66666666666666,0.0,66.66666666666666,True,1.1091878414154053,66.66666666666666
417,2,1.0414670705795288,0.43432550303338524,False,33.33333333333333,0.0,33.33333333333333,True,1.0414670705795288,33.33333333333333
418,8,1.230117917060852,0.4795876041304252,False,70.0,80.0,-10.0,False,1.230117917060852,-10.0
418,9,1.2401379346847534,0.48349412087889543,False,80.0,80.0,0.0,False,1.2401379346847534,0.0
418,10,1.1610904932022095,0.45267579643416833,False,90.0,80.0,10.0,False,1.1610904932022095,10.0
418,11,1.489257574081421,0.599321336360252,False,90.0,80.0,10.0,False,1.489257574081421,10.0
418,12,1.1610904932022095,0.45267579643416833,False,80.0,80.0,0.0,False,1.1610904932022095,0.0
418,13,1.2401379346847534,0.48349412087889543,False,80.0,80.0,0.0,False,1.2401379346847534,0.0
418,23,1.0015884637832642,0.3401627511624677,False,80.0,80.0,0.0,False,1.0015884637832642,0.0
418,25,0.0748324915766716,0.10796046449502925,False,80.0,80.0,0.0,False,0.0748324915766716,0.0
420,1,1.3055968284606934,0.525410815159628,False,66.66666666666666,50.0,16.666666666666657,True,1.3055968284606934,16.666666666666657
420,2,1.8922771215438843,0.63165762115951,False,50.0,50.0,0.0,False,1.8922771215438843,0.0
420,3,1.686319351196289,0.6786248293633715,False,33.33333333333333,50.0,-16.66666666666667,False,1.686319351196289,-16.66666666666667
420,4,1.9082326889038086,0.6369837203909995,False,50.0,50.0,0.0,False,1.9082326889038086,0.0
420,5,0.06182536482810974,0.08919514723866487,False,66.66666666666666,50.0,16.666666666666657,True,0.06182536482810974,16.666666666666657
421,1,2.0580999851226807,0.8282403627912007,False,85.71428571428571,42.857142857142854,42.857142857142854,True,2.0580999851226807,42.857142857142854
421,2,0.9181339740753174,0.36948429195666077,False,71.42857142857143,42.857142857142854,28.571428571428577,True,0.9181339740753174,28.571428571428577
421,3,1.9160692691802979,0.7710829979644375,False,85.71428571428571,42.857142857142854,42.857142857142854,True,1.9160692691802979,42.857142857142854
421,4,0.9181339740753174,0.36948429195666077,False,57.14285714285714,42.857142857142854,14.285714285714285,True,0.9181339740753174,14.285714285714285
421,5,1.9160692691802979,0.7710829979644375,False,57.14285714285714,42.857142857142854,14.285714285714285,True,1.9160692691802979,14.285714285714285
421,6,1.4283766746520996,0.4851099597440011,False,57.14285714285714,42.857142857142854,14.285714285714285,True,1.4283766746520996,14.285714285714285
421,7,2.1484506130218506,0.7296638266995328,False,42.857142857142854,42.857142857142854,0.0,False,2.1484506130218506,0.0
422,1,1.4593110084533691,0.5872699518019601,False,57.14285714285714,85.71428571428571,-28.57142857142857,False,1.4593110084533691,-28.57142857142857
422,2,1.0582191944122314,0.5906033776219667,False,57.14285714285714,85.71428571428571,-28.57142857142857,False,1.0582191944122314,-28.57142857142857
422,3,1.8774346113204956,0.7555352678864894,False,71.42857142857143,85.71428571428571,-14.285714285714278,False,1.8774346113204956,-14.285714285714278
422,4,1.2889137268066406,0.44593354584422434,False,85.71428571428571,85.71428571428571,0.0,False,1.2889137268066406,0.0
422,5,1.0217063426971436,0.35348613544467383,False,85.71428571428571,85.71428571428571,0.0,False,1.0217063426971436,0.0
422,6,0.9670400619506836,0.33457290028829023,False,85.71428571428571,85.71428571428571,0.0,False,0.9670400619506836,0.0
422,7,0.03022100031375885,0.0435996872833637,False,85.71428571428571,85.71428571428571,0.0,False,0.03022100031375885,0.0
423,1,1.517076015472412,0.6105163007237481,False,40.0,40.0,0.0,False,1.517076015472412,0.0
423,2,1.141911268234253,0.42167285812112376,False,50.0,40.0,10.0,False,1.141911268234253,10.0
424,6,1.7427337169647217,0.6794417643744279,False,60.0,60.0,0.0,False,1.7427337169647217,0.0
424,7,1.9091373682022095,0.7234164058423611,False,40.0,60.0,-20.0,False,1.9091373682022095,-20.0
424,8,1.6362395286560059,0.6379227425664845,False,60.0,60.0,0.0,False,1.6362395286560059,0.0
424,15,1.7517786026000977,0.5949447806508864,False,2.0000000000000004,60.0,-58.0,False,1.7517786026000977,-58.0
424,16,0.07974924892187119,0.11505384593420308,False,2.0000000000000004,60.0,-58.0,False,0.07974924892187119,-58.0
424,17,1.7737983465194702,0.6024231981270761,False,2.0000000000000004,60.0,-58.0,False,1.7737983465194702,-58.0
424,18,0.07974924892187119,0.11505384593420308,False,40.0,60.0,-20.0,False,0.07974924892187119,-20.0
424,19,1.6903924942016602,0.5740966296677013,False,60.0,60.0,0.0,False,1.6903924942016602,0.0
425,1,1.2334522008895874,0.49637768122791226,False,27.77777777777778,33.33333333333333,-5.55555555555555,False,1.2334522008895874,-5.55555555555555
425,2,1.081627368927002,0.42169540922143595,False,66.66666666666666,33.33333333333333,33.33333333333333,True,1.081627368927002,33.33333333333333
425,4,1.2334522008895874,0.49637768122791226,False,66.66666666666666,33.33333333333333,33.33333333333333,True,1.2334522008895874,33.33333333333333
425,5,1.0766681432724,0.40797451847299,False,66.66666666666666,33.33333333333333,33.33333333333333,True,1.0766681432724,33.33333333333333
425,6,1.65034019947052,0.664145753568376,False,66.66666666666666,33.33333333333333,33.33333333333333,True,1.65034019947052,33.33333333333333
425,7,1.3060166835784912,0.7289017895583738,False,33.33333333333333,33.33333333333333,0.0,False,1.3060166835784912,0.0
425,8,1.636856198310852,0.6587193923162065,False,66.66666666666666,33.33333333333333,33.33333333333333,True,1.636856198310852,33.33333333333333
426,1,1.2033038139343262,0.4842450777927557,False,87.5,75.0,12.5,True,1.2033038139343262,12.5
426,3,1.2033038139343262,0.4842450777927557,False,87.5,75.0,12.5,True,1.2033038139343262,12.5
426,4,0.8591009378433228,0.2917706713985056,False,87.5,75.0,12.5,True,0.8591009378433228,12.5
427,3,2.076589822769165,0.83568122084036,False,50.0,50.0,0.0,False,2.076589822769165,0.0
427,5,1.3311994075775146,0.7429565354277359,False,50.0,50.0,0.0,False,1.3311994075775146,0.0
427,6,0.04116667062044144,0.05939095155402025,False,83.33333333333334,50.0,33.33333333333334,True,0.04116667062044144,33.33333333333334
427,7,1.3311994075775146,0.7429565354277359,False,50.0,50.0,0.0,False,1.3311994075775146,0.0
427,8,1.678757905960083,0.6544994352720889,False,50.0,50.0,0.0,False,1.678757905960083,0.0
427,9,2.076589822769165,0.83568122084036,False,83.33333333333334,50.0,33.33333333333334,True,2.076589822769165,33.33333333333334
427,10,1.3923826217651367,0.7771035374324088,False,50.0,50.0,0.0,False,1.3923826217651367,0.0
427,11,2.245655059814453,0.903718077299218,False,50.0,50.0,0.0,False,2.245655059814453,0.0
428,4,0.880949079990387,0.3434567148188217,False,83.33333333333334,66.66666666666666,16.666666666666686,True,0.880949079990387,16.666666666666686
428,6,0.880949079990387,0.3434567148188217,False,83.33333333333334,66.66666666666666,16.666666666666686,True,0.880949079990387,16.666666666666686
428,7,1.311115026473999,0.511166048039083,False,83.33333333333334,66.66666666666666,16.666666666666686,True,1.311115026473999,16.666666666666686
428,9,0.7653419971466064,0.6966443075877663,False,66.66666666666666,66.66666666666666,0.0,False,0.7653419971466064,0.0
428,10,0.7657050490379333,0.6969747716605531,False,83.33333333333334,66.66666666666666,16.666666666666686,True,0.7657050490379333,16.666666666666686
428,11,1.311115026473999,0.511166048039083,True,100.0,66.66666666666666,33.33333333333334,True,1.311115026473999,33.33333333333334
428,12,0.7657050490379333,0.6969747716605531,False,83.33333333333334,66.66666666666666,16.666666666666686,True,0.7657050490379333,16.666666666666686
428,13,1.311115026473999,0.511166048039083,False,83.33333333333334,66.66666666666666,16.666666666666686,True,1.311115026473999,16.666666666666686
429,1,1.2228394746780396,0.4921068060171862,False,0.0,0.0,0.0,False,1.2228394746780396,0.0
429,2,1.4542546272277832,0.503137571578786,False,0.0,0.0,0.0,False,1.4542546272277832,0.0
429,3,1.1743327379226685,0.47258625913486796,False,18.75,0.0,18.75,True,1.1743327379226685,18.75
429,5,1.2228394746780396,0.4921068060171862,False,0.0,0.0,0.0,False,1.2228394746780396,0.0
429,8,1.0530674457550049,0.36433633247285413,False,0.0,0.0,0.0,False,1.0530674457550049,0.0
430,1,1.2664928436279297,0.5096742140136252,False,90.0,40.0,50.0,True,1.2664928436279297,50.0
430,2,1.1376948356628418,0.38638764250598223,False,90.0,40.0,50.0,True,1.1376948356628418,50.0
430,3,1.6505298614501953,0.5605583519062957,False,90.0,40.0,50.0,True,1.6505298614501953,50.0
430,4,1.1917184591293335,0.4795827880419592,False,90.0,40.0,50.0,True,1.1917184591293335,50.0
430,5,1.4145041704177856,0.5359884207684122,False,50.0,40.0,10.0,False,1.4145041704177856,10.0
431,1,1.0603219270706177,0.4267049336284238,False,5.0,5.0,0.0,False,1.0603219270706177,0.0
431,2,1.5230242013931274,0.593783341944975,False,62.5,5.0,57.5,True,1.5230242013931274,57.5
431,3,1.0603219270706177,0.4267049336284238,False,5.0,5.0,0.0,False,1.0603219270706177,0.0
431,4,1.5701192617416382,0.5241186856390625,False,5.0,5.0,0.0,False,1.5701192617416382,0.0
431,5,1.1751892566680908,0.3922878112448625,False,5.0,5.0,0.0,False,1.1751892566680908,0.0
432,3,1.7394444942474365,0.5907558304162468,False,16.666666666666664,16.666666666666664,0.0,False,1.7394444942474365,0.0
432,4,2.402874708175659,0.966987918190271,False,33.33333333333333,16.666666666666664,16.666666666666664,True,2.402874708175659,16.666666666666664
432,6,1.370782494544983,0.5344286781169085,False,16.666666666666664,16.666666666666664,0.0,False,1.370782494544983,0.0
432,7,1.2888820171356201,0.502498037002646,False,33.33333333333333,16.666666666666664,16.666666666666664,True,1.2888820171356201,16.666666666666664
432,9,0.851497232913971,0.34266769457380475,False,16.666666666666664,16.666666666666664,0.0,False,0.851497232913971,0.0
432,10,1.8464909791946411,0.6271113078788869,False,16.666666666666664,16.666666666666664,0.0,False,1.8464909791946411,0.0
432,12,1.85614013671875,0.6303883863282561,False,33.33333333333333,16.666666666666664,16.666666666666664,True,1.85614013671875,16.666666666666664
432,15,1.5385133028030396,0.5225149217521182,False,16.666666666666664,16.666666666666664,0.0,False,1.5385133028030396,0.0
433,1,1.2611429691314697,0.5075212661365223,False,90.9090909090909,81.81818181818181,9.090909090909093,False,1.2611429691314697,9.090909090909093
433,3,1.2611429691314697,0.5075212661365223,False,81.81818181818181,81.81818181818181,0.0,False,1.2611429691314697,0.0
433,5,1.2611429691314697,0.5075212661365223,False,81.81818181818181,81.81818181818181,0.0,False,1.2611429691314697,0.0
433,6,1.2545233964920044,0.4891025987872031,False,81.81818181818181,81.81818181818181,0.0,False,1.2545233964920044,0.0
433,7,1.0799479484558105,0.4210406514710321,False,90.9090909090909,81.81818181818181,9.090909090909093,False,1.0799479484558105,9.090909090909093
433,8,1.0677318572998047,0.36262658688280086,False,81.81818181818181,81.81818181818181,0.0,False,1.0677318572998047,0.0
433,9,1.201691746711731,0.4081224828275862,False,81.81818181818181,81.81818181818181,0.0,False,1.201691746711731,0.0
435,1,0.4398438632488251,0.17700619187700686,True,100.0,60.0,40.0,True,0.4398438632488251,40.0
435,2,1.2731235027313232,0.4404705032331207,True,100.0,60.0,40.0,True,1.2731235027313232,40.0
435,3,1.9341857433319092,0.6691823423917478,False,60.0,60.0,0.0,False,1.9341857433319092,0.0
436,1,1.507598876953125,0.6067024196187594,False,75.0,0.0,75.0,True,1.507598876953125,75.0
436,2,0.2908842861652374,0.10063905633265856,False,75.0,0.0,75.0,True,0.2908842861652374,75.0
436,3,1.7882157564163208,0.6186801927921971,False,75.0,0.0,75.0,True,1.7882157564163208,75.0
436,4,1.7030584812164307,0.6853611508350734,False,37.5,0.0,37.5,True,1.7030584812164307,37.5
436,5,1.3390460014343262,0.5220555320279481,False,50.0,0.0,50.0,True,1.3390460014343262,50.0
437,1,1.6661757230758667,0.670518437068055,False,21.428571428571427,0.0,21.428571428571427,True,1.6661757230758667,21.428571428571427
437,3,1.6661757230758667,0.670518437068055,False,5.7142857142857135,0.0,5.7142857142857135,False,1.6661757230758667,5.7142857142857135
438,17,0.06156042963266373,0.08881292654603795,False,57.14285714285714,2.8571428571428568,54.285714285714285,True,0.06156042963266373,54.285714285714285
438,19,1.8449852466583252,0.7424766829030499,False,57.14285714285714,2.8571428571428568,54.285714285714285,True,1.8449852466583252,54.285714285714285
438,21,1.680424451828003,0.6762525473427214,False,57.14285714285714,2.8571428571428568,54.285714285714285,True,1.680424451828003,54.285714285714285
438,22,1.4903111457824707,0.5810294622180738,False,57.14285714285714,2.8571428571428568,54.285714285714285,True,1.4903111457824707,54.285714285714285
438,23,1.1857285499572754,0.4622814663018376,False,71.42857142857143,2.8571428571428568,68.57142857142857,True,1.1857285499572754,68.57142857142857
438,24,1.4903111457824707,0.5810294622180738,False,71.42857142857143,2.8571428571428568,68.57142857142857,True,1.4903111457824707,68.57142857142857
438,25,1.680424451828003,0.6762525473427214,False,28.57142857142857,2.8571428571428568,25.71428571428571,True,1.680424451828003,25.71428571428571
438,26,1.281527042388916,0.43523640715818523,False,42.857142857142854,2.8571428571428568,40.0,True,1.281527042388916,40.0
439,1,1.8893154859542847,0.7603164835650754,False,88.88888888888889,55.55555555555556,33.33333333333333,True,1.8893154859542847,33.33333333333333
439,2,1.6721382141113281,0.6973357982227155,False,88.88888888888889,55.55555555555556,33.33333333333333,True,1.6721382141113281,33.33333333333333
440,1,1.2262979745864868,0.4934986087670973,False,42.857142857142854,0.0,42.857142857142854,True,1.2262979745864868,42.857142857142854
440,2,0.6468394994735718,0.2603073638716999,False,0.0,0.0,0.0,False,0.6468394994735718,0.0
440,3,1.748366117477417,0.7035942849710587,False,0.0,0.0,0.0,False,1.748366117477417,0.0
440,4,0.715495228767395,0.2879364618499602,False,42.857142857142854,0.0,42.857142857142854,True,0.715495228767395,42.857142857142854
441,1,1.6378401517868042,0.659115364324264,False,60.0,20.0,40.0,True,1.6378401517868042,40.0
442,13,1.3916807174682617,0.5600535205565943,False,50.0,16.666666666666664,33.333333333333336,True,1.3916807174682617,33.333333333333336
442,15,1.0329763889312744,0.4157002795333993,False,50.0,16.666666666666664,33.333333333333336,True,1.0329763889312744,33.333333333333336
442,17,1.0329763889312744,0.4157002795333993,False,50.0,16.666666666666664,33.333333333333336,True,1.0329763889312744,33.333333333333336
442,18,1.2822151184082031,0.715617883108284,False,83.33333333333334,16.666666666666664,66.66666666666669,True,1.2822151184082031,66.66666666666669
442,19,0.07959218323230743,0.11482724804277565,False,33.33333333333333,16.666666666666664,16.666666666666664,True,0.07959218323230743,16.666666666666664
442,20,1.2822151184082031,0.715617883108284,False,83.33333333333334,16.666666666666664,66.66666666666669,True,1.2822151184082031,66.66666666666669
442,21,0.04821581393480301,0.06956071565616528,False,83.33333333333334,16.666666666666664,66.66666666666669,True,0.04821581393480301,66.66666666666669
442,22,1.2822151184082031,0.715617883108284,False,50.0,16.666666666666664,33.333333333333336,True,1.2822151184082031,33.333333333333336
443,1,0.8193759322166443,0.32974113224194934,True,100.0,75.0,25.0,True,0.8193759322166443,25.0
443,2,1.5529931783676147,0.7468318523217825,False,75.0,75.0,0.0,False,1.5529931783676147,0.0
444,1,1.5625221729278564,0.6288051798892176,False,60.0,40.0,20.0,True,1.5625221729278564,20.0
444,2,1.431157112121582,0.4860542610146865,False,60.0,40.0,20.0,True,1.431157112121582,20.0
444,3,1.9913418292999268,0.8013749045541884,False,60.0,40.0,20.0,True,1.9913418292999268,20.0
444,4,1.7065826654434204,0.665347508900675,False,60.0,40.0,20.0,True,1.7065826654434204,20.0
444,5,2.1809535026550293,0.7407025644227985,False,60.0,40.0,20.0,True,2.1809535026550293,20.0
445,1,0.12510529160499573,0.05034607300667374,False,80.0,80.0,0.0,False,0.12510529160499573,0.0
445,2,0.3085991144180298,0.10676796629186967,False,80.0,80.0,0.0,False,0.3085991144180298,0.0
445,3,1.4002753496170044,0.48446202319532516,False,80.0,80.0,0.0,False,1.4002753496170044,0.0
445,4,0.47741878032684326,0.1651755622862664,False,80.0,80.0,0.0,False,0.47741878032684326,0.0
446,1,0.5137448310852051,0.20674612912683668,False,75.0,62.5,12.5,True,0.5137448310852051,12.5
446,2,0.8279714584350586,0.3137375793786816,False,87.5,62.5,25.0,True,0.8279714584350586,25.0
446,3,1.6638505458831787,0.6695827169302839,False,75.0,62.5,12.5,True,1.6638505458831787,12.5
447,8,0.0471297986805439,0.0679939268345159,False,80.0,0.0,80.0,True,0.0471297986805439,80.0
447,9,1.1379172801971436,0.4016348724971151,False,80.0,0.0,80.0,True,1.1379172801971436,80.0
447,10,1.5554518699645996,0.6259598806648543,False,60.0,0.0,60.0,True,1.5554518699645996,60.0
447,12,1.5554518699645996,0.6259598806648543,False,80.0,0.0,80.0,True,1.5554518699645996,80.0
447,13,1.150857925415039,0.4486864124888661,False,60.0,0.0,60.0,True,1.150857925415039,60.0
447,14,1.3427762985229492,0.5235098675990468,False,80.0,0.0,80.0,True,1.3427762985229492,80.0
447,15,1.150857925415039,0.4486864124888661,False,80.0,0.0,80.0,True,1.150857925415039,80.0
447,16,1.5554518699645996,0.6259598806648543,False,60.0,0.0,60.0,True,1.5554518699645996,60.0
448,1,1.2886884212493896,0.5186063715348559,False,50.0,50.0,0.0,False,1.2886884212493896,0.0
448,2,1.4134421348571777,0.4718185758236462,False,62.5,50.0,12.5,True,1.4134421348571777,12.5
449,1,1.4912993907928467,0.6001430238516512,False,6.0,4.000000000000001,1.9999999999999991,False,1.4912993907928467,1.9999999999999991
449,2,1.5252501964569092,0.5946511934124147,False,6.0,4.000000000000001,1.9999999999999991,False,1.5252501964569092,1.9999999999999991
449,3,1.197458267211914,0.6683141837826122,False,6.0,4.000000000000001,1.9999999999999991,False,1.197458267211914,1.9999999999999991
449,4,1.6656345129013062,0.6493830016783415,False,6.0,4.000000000000001,1.9999999999999991,False,1.6656345129013062,1.9999999999999991
449,5,1.8408244848251343,0.6497302748792252,False,6.0,4.000000000000001,1.9999999999999991,False,1.8408244848251343,1.9999999999999991
450,1,1.7993237972259521,0.7241011638724784,False,50.0,6.666666666666666,43.333333333333336,True,1.7993237972259521,43.333333333333336
450,2,0.8099818825721741,0.2750886971349214,False,6.666666666666666,6.666666666666666,0.0,False,0.8099818825721741,0.0
450,3,1.1604578495025635,0.39411849174442215,False,6.666666666666666,6.666666666666666,0.0,False,1.1604578495025635,0.0
451,1,1.7268928289413452,0.6949527979607101,False,12.5,0.0,12.5,True,1.7268928289413452,12.5
451,3,1.7268928289413452,0.6949527979607101,False,12.5,0.0,12.5,True,1.7268928289413452,12.5
451,4,1.7663047313690186,0.5896070042579474,False,12.5,0.0,12.5,True,1.7663047313690186,12.5
451,5,1.8463025093078613,0.7430067883899697,False,12.5,0.0,12.5,True,1.8463025093078613,12.5
451,6,1.4975972175598145,0.583870092094897,False,12.5,0.0,12.5,True,1.4975972175598145,12.5
451,7,1.579200267791748,0.6156847749051237,False,50.0,0.0,50.0,True,1.579200267791748,50.0
451,8,1.9369062185287476,0.6465551797226847,False,37.5,0.0,37.5,True,1.9369062185287476,37.5
451,9,1.4351071119308472,0.5595069967974475,False,12.5,0.0,12.5,True,1.4351071119308472,12.5
452,1,1.24148690700531,0.4996110848313869,True,100.0,80.0,20.0,True,1.24148690700531,20.0
452,3,1.24148690700531,0.4996110848313869,False,90.0,80.0,10.0,False,1.24148690700531,10.0
452,4,1.5686172246932983,0.5943854296344457,False,90.0,80.0,10.0,False,1.5686172246932983,10.0
453,1,0.38582178950309753,0.1552661101116269,False,71.42857142857143,71.42857142857143,0.0,False,0.38582178950309753,0.0
454,1,1.5301542282104492,0.615779360701938,False,42.857142857142854,42.857142857142854,0.0,False,1.5301542282104492,0.0
454,2,0.8590613007545471,0.2867617070918686,False,57.14285714285714,42.857142857142854,14.285714285714285,True,0.8590613007545471,14.285714285714285
454,3,1.9003217220306396,0.6343429747733066,False,42.857142857142854,42.857142857142854,0.0,False,1.9003217220306396,0.0
454,4,0.04974866658449173,0.07177215457228471,False,42.857142857142854,42.857142857142854,0.0,False,0.04974866658449173,0.0
454,5,1.9003217220306396,0.6343429747733066,False,42.857142857142854,42.857142857142854,0.0,False,1.9003217220306396,0.0
455,1,0.9295930862426758,0.374095777932738,False,62.5,62.5,0.0,False,0.9295930862426758,0.0
455,2,1.2035534381866455,0.6717159634742565,False,62.5,62.5,0.0,False,1.2035534381866455,0.0
455,3,1.811995029449463,0.7292004428432163,False,62.5,62.5,0.0,False,1.811995029449463,0.0
455,4,1.2013123035430908,0.5467407910571839,False,50.0,62.5,-12.5,False,1.2013123035430908,-12.5
455,5,1.7600758075714111,0.7083066109230187,False,62.5,62.5,0.0,False,1.7600758075714111,0.0
456,1,1.4895012378692627,0.5994193938819953,False,27.77777777777778,55.55555555555556,-27.77777777777778,False,1.4895012378692627,-27.77777777777778
456,3,1.4895012378692627,0.5994193938819953,False,8.88888888888889,55.55555555555556,-46.66666666666667,False,1.4895012378692627,-46.66666666666667
456,4,1.5096845626831055,0.557480271993719,False,55.55555555555556,55.55555555555556,0.0,False,1.5096845626831055,0.0
456,5,1.1708732843399048,0.4323676436512679,False,55.55555555555556,55.55555555555556,0.0,False,1.1708732843399048,0.0
457,3,1.7126041650772095,0.6892026166147208,False,80.0,80.0,0.0,False,1.7126041650772095,0.0
457,4,1.1513746976852417,0.44888788713736133,False,80.0,80.0,0.0,False,1.1513746976852417,0.0
457,5,1.7126041650772095,0.6892026166147208,True,100.0,80.0,20.0,True,1.7126041650772095,20.0
457,7,1.7126041650772095,0.6892026166147208,False,70.0,80.0,-10.0,False,1.7126041650772095,-10.0
457,10,1.2745361328125,0.43286213157431996,False,90.0,80.0,10.0,False,1.2745361328125,10.0
458,1,1.4127695560455322,0.5685402935221179,False,57.14285714285714,42.857142857142854,14.285714285714285,True,1.4127695560455322,14.285714285714285
458,2,1.4422835111618042,0.5623048685020411,False,85.71428571428571,42.857142857142854,42.857142857142854,True,1.4422835111618042,42.857142857142854
459,2,1.1270511150360107,0.4394048216809332,False,66.66666666666666,16.666666666666664,49.99999999999999,True,1.1270511150360107,49.99999999999999
459,3,1.356041669845581,0.5457113127212532,False,66.66666666666666,16.666666666666664,49.99999999999999,True,1.356041669845581,49.99999999999999
459,4,1.002583384513855,0.3346705556316082,False,41.66666666666667,16.666666666666664,25.000000000000007,True,1.002583384513855,25.000000000000007
459,5,1.7837989330291748,0.7178534989156874,False,66.66666666666666,16.666666666666664,49.99999999999999,True,1.7837989330291748,49.99999999999999
459,7,1.070185661315918,0.43067439229848764,False,5.0,16.666666666666664,-11.666666666666664,False,1.070185661315918,-11.666666666666664
459,8,1.1270511150360107,0.4394048216809332,False,66.66666666666666,16.666666666666664,49.99999999999999,True,1.1270511150360107,49.99999999999999
459,9,1.356041669845581,0.5457113127212532,False,83.33333333333334,16.666666666666664,66.66666666666669,True,1.356041669845581,66.66666666666669
459,10,1.0845192670822144,0.36202142516413643,False,66.66666666666666,16.666666666666664,49.99999999999999,True,1.0845192670822144,49.99999999999999
460,1,1.1274019479751587,0.4536999199029641,False,83.33333333333334,0.0,83.33333333333334,True,1.1274019479751587,83.33333333333334
460,2,1.7438716888427734,0.5922594087300315,False,33.33333333333333,0.0,33.33333333333333,True,1.7438716888427734,33.33333333333333
460,3,1.5637507438659668,0.5310861440601696,False,0.0,0.0,0.0,False,1.5637507438659668,0.0
461,1,1.6454684734344482,0.6621852267870229,False,75.0,62.5,12.5,True,1.6454684734344482,12.5
461,2,1.7786527872085571,0.6934455770186603,False,87.5,62.5,25.0,True,1.7786527872085571,25.0
461,3,1.5492956638336182,0.6040258297212213,False,62.5,62.5,0.0,False,1.5492956638336182,0.0
461,4,1.7786527872085571,0.6934455770186603,False,87.5,62.5,25.0,True,1.7786527872085571,25.0
461,5,1.5492956638336182,0.6040258297212213,False,87.5,62.5,25.0,True,1.5492956638336182,25.0
461,6,1.7786527872085571,0.6934455770186603,False,62.5,62.5,0.0,False,1.7786527872085571,0.0
461,7,1.1015427112579346,0.4174000689172318,False,87.5,62.5,25.0,True,1.1015427112579346,25.0
462,1,1.2821569442749023,0.5159779118399838,False,37.5,37.5,0.0,False,1.2821569442749023,0.0
463,1,1.5953524112701416,0.642017039717065,False,71.42857142857143,42.857142857142854,28.571428571428577,True,1.5953524112701416,28.571428571428577
463,2,1.5223784446716309,0.5373327948865626,False,85.71428571428571,42.857142857142854,42.857142857142854,True,1.5223784446716309,42.857142857142854
463,3,1.6304768323898315,0.5754867828116088,False,42.857142857142854,42.857142857142854,0.0,False,1.6304768323898315,0.0
463,4,0.7681179642677307,0.2711119393388293,False,57.14285714285714,42.857142857142854,14.285714285714285,True,0.7681179642677307,14.285714285714285
464,1,1.9026525020599365,0.7656836936801071,False,57.14285714285714,57.14285714285714,0.0,False,1.9026525020599365,0.0
464,2,0.9684101343154907,0.3669530492756187,False,57.14285714285714,57.14285714285714,0.0,False,0.9684101343154907,0.0
465,6,1.2775901556015015,0.498095664885134,False,88.88888888888889,66.66666666666666,22.22222222222223,True,1.2775901556015015,22.22222222222223
465,7,1.2022974491119385,0.468741203647709,False,88.88888888888889,66.66666666666666,22.22222222222223,True,1.2022974491119385,22.22222222222223
465,8,1.0845985412597656,0.4228537838786667,False,77.77777777777777,66.66666666666666,11.111111111111114,True,1.0845985412597656,11.111111111111114
465,9,1.2022974491119385,0.468741203647709,False,88.88888888888889,66.66666666666666,22.22222222222223,True,1.2022974491119385,22.22222222222223
465,10,1.0845985412597656,0.4228537838786667,False,77.77777777777777,66.66666666666666,11.111111111111114,True,1.0845985412597656,11.111111111111114
465,11,1.422208547592163,0.572338823155992,False,88.88888888888889,66.66666666666666,22.22222222222223,True,1.422208547592163,22.22222222222223
465,12,1.8294312953948975,0.6213174422493221,False,66.66666666666666,66.66666666666666,0.0,False,1.8294312953948975,0.0
465,14,1.5540204048156738,0.6253838167112857,False,55.55555555555556,66.66666666666666,-11.1111111111111,False,1.5540204048156738,-11.1111111111111
466,2,1.343719244003296,0.7499439891796478,False,70.0,3.0,67.0,True,1.343719244003296,67.0
466,3,0.05359218642115593,0.0773171815801985,False,30.0,3.0,27.0,True,0.05359218642115593,27.0
466,4,1.343719244003296,0.7499439891796478,False,70.0,3.0,67.0,True,1.343719244003296,67.0
466,5,1.5692572593688965,0.6315155780611628,False,80.0,3.0,77.0,True,1.5692572593688965,77.0
466,6,1.5963819026947021,0.6223834003001913,False,60.0,3.0,57.0,True,1.5963819026947021,57.0
466,7,1.119891881942749,0.4135417731498992,False,60.0,3.0,57.0,True,1.119891881942749,57.0
467,1,1.688083291053772,0.6793346909823718,False,50.0,50.0,0.0,False,1.688083291053772,0.0
467,2,1.389401912689209,0.7754399720224758,False,50.0,50.0,0.0,False,1.389401912689209,0.0
467,3,1.688083291053772,0.6793346909823718,False,75.0,50.0,25.0,True,1.688083291053772,25.0
468,1,1.1249265670776367,0.45270375334768,False,71.42857142857143,85.71428571428571,-14.285714285714278,False,1.1249265670776367,-14.285714285714278
468,2,0.9349976778030396,0.32348699617920534,False,57.14285714285714,85.71428571428571,-28.57142857142857,False,0.9349976778030396,-28.57142857142857
468,3,1.6442090272903442,0.568857283772772,False,57.14285714285714,85.71428571428571,-28.57142857142857,False,1.6442090272903442,-28.57142857142857
468,4,1.659974455833435,0.6680228635450172,False,85.71428571428571,85.71428571428571,0.0,False,1.659974455833435,0.0
468,5,1.7683908939361572,0.6378121932587237,False,71.42857142857143,85.71428571428571,-14.285714285714278,False,1.7683908939361572,-14.285714285714278
468,6,0.9724745750427246,0.3507460617011852,False,85.71428571428571,85.71428571428571,0.0,False,0.9724745750427246,0.0
469,1,0.9595398902893066,0.3861472584377243,False,87.5,87.5,0.0,False,0.9595398902893066,0.0
469,2,0.9280715584754944,0.31519469924224003,True,100.0,87.5,12.5,True,0.9280715584754944,12.5
469,3,0.3109499514102936,0.10560583989358895,True,100.0,87.5,12.5,True,0.3109499514102936,12.5
470,1,0.39764222502708435,0.16002300330316602,True,100.0,83.33333333333334,16.666666666666657,True,0.39764222502708435,16.666666666666657
470,2,1.1159355640411377,0.3938762911667959,True,100.0,83.33333333333334,16.666666666666657,True,1.1159355640411377,16.666666666666657
470,3,1.961240291595459,0.6922317712889271,True,100.0,83.33333333333334,16.666666666666657,True,1.961240291595459,16.666666666666657
470,4,0.023360904306173325,0.033702660793197885,True,100.0,83.33333333333334,16.666666666666657,True,0.023360904306173325,16.666666666666657
471,1,1.1911730766296387,0.47936330997837023,False,80.0,90.0,-10.0,False,1.1911730766296387,-10.0
471,2,0.4441315531730652,0.16018659731627352,False,90.0,90.0,0.0,False,0.4441315531730652,0.0
471,3,1.0885944366455078,0.3926274488219473,False,90.0,90.0,0.0,False,1.0885944366455078,0.0
472,12,1.4110335111618042,0.49803291874295463,False,14.285714285714285,0.0,14.285714285714285,True,1.4110335111618042,14.285714285714285
472,14,1.3992900848388672,0.49388800450711934,False,0.0,0.0,0.0,False,1.3992900848388672,0.0
472,15,1.4789271354675293,0.5219963892130337,False,0.0,0.0,0.0,False,1.4789271354675293,0.0
472,16,0.8531272411346436,0.3011164841943212,False,0.0,0.0,0.0,False,0.8531272411346436,0.0
472,17,0.9710123538970947,0.34272475665631624,False,7.142857142857142,0.0,7.142857142857142,False,0.9710123538970947,7.142857142857142
472,18,1.2847009897232056,0.453443081657925,False,0.0,0.0,0.0,False,1.2847009897232056,0.0
472,21,1.5706465244293213,0.6320746594498111,False,0.0,0.0,0.0,False,1.5706465244293213,0.0
472,23,1.5706465244293213,0.6320746594498111,False,0.0,0.0,0.0,False,1.5706465244293213,0.0
473,1,0.6322495937347412,0.25443595387725393,False,10.0,0.0,10.0,False,0.6322495937347412,10.0
473,2,1.6697967052459717,0.5893649727257673,False,10.0,0.0,10.0,False,1.6697967052459717,10.0
474,1,2.128303050994873,0.8564921548165397,False,85.71428571428571,21.428571428571427,64.28571428571428,True,2.128303050994873,64.28571428571428
475,1,1.7439265251159668,0.7018076615734236,False,40.0,80.0,-40.0,False,1.7439265251159668,-40.0
475,2,1.7046860456466675,0.5789510523764557,False,40.0,80.0,-40.0,False,1.7046860456466675,-40.0
475,3,1.9405649900436401,0.7809408012205205,False,80.0,80.0,0.0,False,1.9405649900436401,0.0
475,4,1.7517385482788086,0.6060599448819203,False,80.0,80.0,0.0,False,1.7517385482788086,0.0
475,5,0.06410244107246399,0.0924802738441208,False,80.0,80.0,0.0,False,0.06410244107246399,0.0
476,1,1.8765573501586914,0.7551822320242049,False,50.0,37.5,12.5,True,1.8765573501586914,12.5
477,2,1.10404634475708,0.43043592324556684,False,80.0,80.0,0.0,False,1.10404634475708,0.0
477,3,1.5882434844970703,0.619210465063105,True,100.0,80.0,20.0,True,1.5882434844970703,20.0
477,5,1.3868775367736816,0.5581205784498999,False,60.0,80.0,-20.0,False,1.3868775367736816,-20.0
477,6,1.3607661724090576,0.4802907536997883,False,60.0,80.0,-20.0,False,1.3607661724090576,-20.0
477,7,2.221442222595215,0.7840716362767269,False,80.0,80.0,0.0,False,2.221442222595215,0.0
477,8,0.02451162226498127,0.03536279588583198,False,80.0,80.0,0.0,False,0.02451162226498127,0.0
478,1,1.2778507471084595,0.514244970617902,False,62.5,50.0,12.5,True,1.2778507471084595,12.5
478,2,1.5034124851226807,0.5105938672053211,False,50.0,50.0,0.0,False,1.5034124851226807,0.0
478,3,1.629306674003601,0.5533504635456401,False,50.0,50.0,0.0,False,1.629306674003601,0.0
479,1,1.3402732610702515,0.5393656382160661,False,75.0,62.5,12.5,True,1.3402732610702515,12.5
479,3,1.3402732610702515,0.5393656382160661,False,62.5,62.5,0.0,False,1.3402732610702515,0.0
479,4,1.5768274068832397,0.5455448430035091,False,87.5,62.5,25.0,True,1.5768274068832397,25.0
480,1,1.4721217155456543,0.5924253595889601,False,50.0,33.33333333333333,16.66666666666667,True,1.4721217155456543,16.66666666666667
480,2,1.440313458442688,0.48916396931086525,False,50.0,33.33333333333333,16.66666666666667,True,1.440313458442688,16.66666666666667
480,3,1.1922458410263062,0.4049144334326896,False,83.33333333333334,33.33333333333333,50.000000000000014,True,1.1922458410263062,50.000000000000014
480,4,1.2788442373275757,0.5146447804937382,False,33.33333333333333,33.33333333333333,0.0,False,1.2788442373275757,0.0
480,5,1.338728427886963,0.4943514072752727,False,33.33333333333333,33.33333333333333,0.0,False,1.338728427886963,0.0
481,1,1.8649256229400635,0.7505012806413349,False,28.57142857142857,28.57142857142857,0.0,False,1.8649256229400635,0.0
481,2,1.588512897491455,0.6019243612729854,False,21.428571428571427,28.57142857142857,-7.142857142857142,False,1.588512897491455,-7.142857142857142
481,3,1.575951099395752,0.5971644047708149,False,28.57142857142857,28.57142857142857,0.0,False,1.575951099395752,0.0
482,1,1.2425048351287842,0.5000207292434058,False,25.0,0.0,25.0,True,1.2425048351287842,25.0
482,2,1.2944152355194092,0.46686161028374284,False,0.0,0.0,0.0,False,1.2944152355194092,0.0
483,1,1.916224718093872,0.7711455552092288,False,80.0,60.0,20.0,True,1.916224718093872,20.0
483,2,1.3579483032226562,0.46981787014521476,False,80.0,60.0,20.0,True,1.3579483032226562,20.0
483,3,1.9915388822555542,0.6890251666813787,False,60.0,60.0,0.0,False,1.9915388822555542,0.0
484,2,1.4312026500701904,0.5579847593897972,False,83.33333333333334,66.66666666666666,16.666666666666686,True,1.4312026500701904,16.666666666666686
484,4,1.106196403503418,0.4451661810304999,False,83.33333333333334,66.66666666666666,16.666666666666686,True,1.106196403503418,16.666666666666686
484,5,1.097455620765686,0.37969358708531625,False,83.33333333333334,66.66666666666666,16.666666666666686,True,1.097455620765686,16.666666666666686
484,6,1.5851833820343018,0.6379247213047385,False,66.66666666666666,66.66666666666666,0.0,False,1.5851833820343018,0.0
484,7,1.4924354553222656,0.5818576694236528,False,66.66666666666666,66.66666666666666,0.0,False,1.4924354553222656,0.0
484,8,1.33310866355896,0.5051457763341998,False,66.66666666666666,66.66666666666666,0.0,False,1.33310866355896,0.0
484,9,1.702832579612732,0.6452427389521636,False,66.66666666666666,66.66666666666666,0.0,False,1.702832579612732,0.0
484,10,1.4005097150802612,0.5460184666048569,False,66.66666666666666,66.66666666666666,0.0,False,1.4005097150802612,0.0
486,1,1.1042486429214478,0.4443823445100671,True,100.0,0.0,100.0,True,1.1042486429214478,100.0
486,2,1.1680933237075806,0.455405998683581,False,90.0,0.0,90.0,True,1.1680933237075806,90.0
486,4,1.1042486429214478,0.4443823445100671,True,100.0,0.0,100.0,True,1.1042486429214478,100.0
486,5,0.9299613237380981,0.3282355441707414,False,0.0,0.0,0.0,False,0.9299613237380981,0.0
486,6,1.7214146852493286,0.6075838548694809,False,0.0,0.0,0.0,False,1.7214146852493286,0.0
486,7,1.2026079893112183,0.4244678544360817,False,0.0,0.0,0.0,False,1.2026079893112183,0.0
487,1,1.6528398990631104,0.6651517066864956,False,66.66666666666666,50.0,16.666666666666657,True,1.6528398990631104,16.666666666666657
487,2,1.0221267938613892,0.39849784592743825,False,66.66666666666666,50.0,16.666666666666657,True,1.0221267938613892,16.666666666666657
487,3,1.8542436361312866,0.6415242714248454,False,66.66666666666666,50.0,16.666666666666657,True,1.8542436361312866,16.666666666666657
487,4,1.4134347438812256,0.4890148611575254,False,66.66666666666666,50.0,16.666666666666657,True,1.4134347438812256,16.666666666666657
487,5,1.0680711269378662,0.369527249918637,False,50.0,50.0,0.0,False,1.0680711269378662,0.0
488,1,2.100618839263916,0.8453512084420275,False,50.0,33.33333333333333,16.66666666666667,True,2.100618839263916,16.66666666666667
488,2,2.256026268005371,0.8795597704268521,False,66.66666666666666,33.33333333333333,33.33333333333333,True,2.256026268005371,33.33333333333333
488,3,1.6638672351837158,0.6695894331988964,False,33.33333333333333,33.33333333333333,0.0,False,1.6638672351837158,0.0
488,4,2.1032376289367676,0.8464050869340324,False,33.33333333333333,33.33333333333333,0.0,False,2.1032376289367676,0.0
489,4,1.4565377235412598,0.5678621760324957,False,85.71428571428571,85.71428571428571,0.0,False,1.4565377235412598,0.0
489,5,1.4690666198730469,0.591195898646084,False,71.42857142857143,85.71428571428571,-14.285714285714278,False,1.4690666198730469,-14.285714285714278
489,6,1.057179570198059,0.3528952101396807,False,85.71428571428571,85.71428571428571,0.0,False,1.057179570198059,0.0
489,7,1.3918880224227905,0.5601369462074317,False,71.42857142857143,85.71428571428571,-14.285714285714278,False,1.3918880224227905,-14.285714285714278
489,8,1.1816495656967163,0.5682533228330834,False,85.71428571428571,85.71428571428571,0.0,False,1.1816495656967163,0.0
489,9,1.7017581462860107,0.6848378575634606,False,85.71428571428571,85.71428571428571,0.0,False,1.7017581462860107,0.0
489,10,1.4565377235412598,0.5678621760324957,False,85.71428571428571,85.71428571428571,0.0,False,1.4565377235412598,0.0
489,11,1.7017581462860107,0.6848378575634606,False,71.42857142857143,85.71428571428571,-14.285714285714278,False,1.7017581462860107,-14.285714285714278
490,1,2.1217784881591797,0.8538664775758071,False,90.0,20.0,70.0,True,2.1217784881591797,70.0
490,2,1.49233078956604,0.581816863254938,False,30.0,20.0,10.0,False,1.49233078956604,10.0
490,3,1.3735253810882568,0.572804574357135,False,40.0,20.0,20.0,True,1.3735253810882568,20.0
490,4,0.04931202158331871,0.07114220899446344,False,10.0,20.0,-10.0,False,0.04931202158331871,-10.0
490,5,1.3735253810882568,0.572804574357135,False,20.0,20.0,0.0,False,1.3735253810882568,0.0
491,1,0.9833331108093262,0.39572235475856576,False,28.57142857142857,8.571428571428573,19.999999999999996,True,0.9833331108093262,19.999999999999996
491,2,1.3954299688339233,0.492525552924346,False,8.571428571428573,8.571428571428573,0.0,False,1.3954299688339233,0.0
491,3,1.3296480178833008,0.46930741049655245,False,8.571428571428573,8.571428571428573,0.0,False,1.3296480178833008,0.0
492,1,0.6691361665725708,0.26928020279138376,False,0.0,75.0,-75.0,False,0.6691361665725708,-75.0
492,2,1.0176422595977783,0.345614993823329,False,0.0,75.0,-75.0,False,1.0176422595977783,-75.0
493,1,1.2087692022323608,0.48644451184332693,False,90.0,70.0,20.0,True,1.2087692022323608,20.0
493,3,1.2087692022323608,0.48644451184332693,False,90.0,70.0,20.0,True,1.2087692022323608,20.0
493,4,1.6508265733718872,0.5510594481173136,False,80.0,70.0,10.0,False,1.6508265733718872,10.0
494,1,1.6513330936431885,0.664545323577476,False,71.42857142857143,71.42857142857143,0.0,False,1.6513330936431885,0.0
494,2,1.7125630378723145,0.6676790841465944,False,71.42857142857143,71.42857142857143,0.0,False,1.7125630378723145,0.0
494,3,1.3444857597351074,0.5410608723872231,False,71.42857142857143,71.42857142857143,0.0,False,1.3444857597351074,0.0
494,5,1.6513330936431885,0.664545323577476,False,85.71428571428571,71.42857142857143,14.285714285714278,True,1.6513330936431885,14.285714285714278
494,6,1.7125630378723145,0.6676790841465944,False,71.42857142857143,71.42857142857143,0.0,False,1.7125630378723145,0.0
494,7,0.5012929439544678,0.7232128442757397,False,85.71428571428571,71.42857142857143,14.285714285714278,True,0.5012929439544678,14.285714285714278
495,1,0.8526718616485596,0.3431403999507608,False,80.0,80.0,0.0,False,0.8526718616485596,0.0
495,2,1.2721210718154907,0.4697553506569862,False,80.0,80.0,0.0,False,1.2721210718154907,0.0
495,3,1.0044373273849487,0.37090794217039635,False,80.0,80.0,0.0,False,1.0044373273849487,0.0
496,1,0.21183910965919495,0.08525032909275203,True,100.0,83.33333333333334,16.666666666666657,True,0.21183910965919495,16.666666666666657
496,2,1.4978270530700684,0.5182125963479184,True,100.0,83.33333333333334,16.666666666666657,True,1.4978270530700684,16.666666666666657
496,3,1.2745007276535034,0.4409469903557262,True,100.0,83.33333333333334,16.666666666666657,True,1.2745007276535034,16.666666666666657
497,1,1.7651327848434448,0.7103416882859712,False,60.0,90.0,-30.0,False,1.7651327848434448,-30.0
497,2,1.4346448183059692,0.5436201791474998,False,90.0,90.0,0.0,False,1.4346448183059692,0.0
497,3,1.5405043363571167,0.5837328045396054,False,90.0,90.0,0.0,False,1.5405043363571167,0.0
498,3,0.06582754105329514,0.09496906703150354,False,16.666666666666664,16.666666666666664,0.0,False,0.06582754105329514,0.0
498,4,1.7640249729156494,0.5991039330062932,False,33.33333333333333,16.666666666666664,16.666666666666664,True,1.7640249729156494,16.666666666666664
498,5,1.263682246208191,0.5085431464059231,False,16.666666666666664,16.666666666666664,0.0,False,1.263682246208191,0.0
498,6,1.7259249687194824,0.6091757870406377,False,0.0,16.666666666666664,-16.666666666666664,False,1.7259249687194824,-16.666666666666664
498,7,1.7098761796951294,0.6881047945366509,False,16.666666666666664,16.666666666666664,0.0,False,1.7098761796951294,0.0
498,9,0.8697544932365417,0.3500149566225133,False,0.0,16.666666666666664,-16.666666666666664,False,0.8697544932365417,-16.666666666666664
498,10,1.6623200178146362,0.564562563386942,False,16.666666666666664,16.666666666666664,0.0,False,1.6623200178146362,0.0
498,11,0.06582754105329514,0.09496906703150354,False,33.33333333333333,16.666666666666664,16.666666666666664,True,0.06582754105329514,16.666666666666664
499,1,1.6845296621322632,0.6779046055013691,False,85.71428571428571,57.14285714285714,28.57142857142857,True,1.6845296621322632,28.57142857142857
499,3,1.6845296621322632,0.6779046055013691,False,85.71428571428571,57.14285714285714,28.57142857142857,True,1.6845296621322632,28.57142857142857
499,4,1.0289403200149536,0.4011542438534806,False,71.42857142857143,57.14285714285714,14.285714285714292,True,1.0289403200149536,14.285714285714292
499,5,1.5342271327972412,0.5981510427619614,False,85.71428571428571,57.14285714285714,28.57142857142857,True,1.5342271327972412,28.57142857142857
499,6,1.582115888595581,0.5995003863088619,False,57.14285714285714,57.14285714285714,0.0,False,1.582115888595581,0.0
499,7,1.5990463495254517,0.605915730431886,False,57.14285714285714,57.14285714285714,0.0,False,1.5990463495254517,0.0
499,8,1.1714255809783936,0.4438803082573325,False,42.857142857142854,57.14285714285714,-14.285714285714285,False,1.1714255809783936,-14.285714285714285
500,4,0.776261031627655,0.3123904198549598,False,0.0,0.0,0.0,False,0.776261031627655,0.0
500,7,1.2352163791656494,0.45612757793888054,False,0.0,0.0,0.0,False,1.2352163791656494,0.0
500,8,1.721663236618042,0.6928482551909648,False,0.0,0.0,0.0,False,1.721663236618042,0.0
500,9,1.6823810338974,0.6559119886727153,False,0.0,0.0,0.0,False,1.6823810338974,0.0
500,11,1.0762808322906494,0.43312726954248854,False,0.0,0.0,0.0,False,1.0762808322906494,0.0
500,12,1.119574785232544,0.4134246790465196,False,0.0,0.0,0.0,False,1.119574785232544,0.0
500,13,1.929694652557373,0.7765662556064248,False,0.0,0.0,0.0,False,1.929694652557373,0.0
500,19,0.08466698229312897,0.12214863548133084,False,0.0,0.0,0.0,False,0.08466698229312897,0.0
501,1,1.5798015594482422,0.6357589165705774,False,50.0,6.666666666666666,43.333333333333336,True,1.5798015594482422,43.333333333333336
501,3,1.5798015594482422,0.6357589165705774,False,50.0,6.666666666666666,43.333333333333336,True,1.5798015594482422,43.333333333333336
501,4,1.1995279788970947,0.4545289582898038,False,66.66666666666666,6.666666666666666,59.99999999999999,True,1.1995279788970947,59.99999999999999
501,5,1.4716432094573975,0.5576397272400083,False,66.66666666666666,6.666666666666666,59.99999999999999,True,1.4716432094573975,59.99999999999999
501,6,1.1181094646453857,0.42367759582107756,False,6.666666666666666,6.666666666666666,0.0,False,1.1181094646453857,0.0
501,7,0.0241266880184412,0.034807453157280295,False,6.666666666666666,6.666666666666666,0.0,False,0.0241266880184412,0.0
502,1,1.75862717628479,0.7077236388074486,True,100.0,80.0,20.0,True,1.75862717628479,20.0
502,4,1.75862717628479,0.7077236388074486,False,80.0,80.0,0.0,False,1.75862717628479,0.0
502,5,1.7585806846618652,0.6084271616125587,True,100.0,80.0,20.0,True,1.7585806846618652,20.0
502,6,1.8792829513549805,0.6501872799652829,True,100.0,80.0,20.0,True,1.8792829513549805,20.0
502,7,0.03582419827580452,0.05168339319632614,False,80.0,80.0,0.0,False,0.03582419827580452,0.0
502,8,1.6357700824737549,0.5659376092383336,False,60.0,80.0,-20.0,False,1.6357700824737549,-20.0
502,9,1.1446573734283447,0.3960242727605098,False,60.0,80.0,-20.0,False,1.1446573734283447,-20.0
502,10,0.7846407890319824,0.2714670826991143,False,80.0,80.0,0.0,False,0.7846407890319824,0.0
503,1,1.2252616882324219,0.49308157645960465,False,50.0,66.66666666666666,-16.666666666666657,False,1.2252616882324219,-16.666666666666657
503,2,1.586890697479248,0.5601027895793227,False,66.66666666666666,66.66666666666666,0.0,False,1.586890697479248,0.0
503,3,0.7051270604133606,0.24887891407565302,False,66.66666666666666,66.66666666666666,0.0,False,0.7051270604133606,0.0
503,4,1.5848102569580078,0.5593684853570146,True,100.0,66.66666666666666,33.33333333333334,True,1.5848102569580078,33.33333333333334
503,5,0.0730849951505661,0.10543936006711566,False,66.66666666666666,66.66666666666666,0.0,False,0.0730849951505661,0.0
504,7,1.36093008518219,0.5476785557712188,False,55.55555555555556,55.55555555555556,0.0,False,1.36093008518219,0.0
504,9,0.032595835626125336,0.047025850411442825,False,55.55555555555556,55.55555555555556,0.0,False,0.032595835626125336,0.0
504,10,0.8993051052093506,0.3054249422631745,True,100.0,55.55555555555556,44.44444444444444,True,0.8993051052093506,44.44444444444444
504,11,1.7323927879333496,0.6971661442819788,False,55.55555555555556,55.55555555555556,0.0,False,1.7323927879333496,0.0
504,12,1.2024109363555908,0.4160056342478236,False,55.55555555555556,55.55555555555556,0.0,False,1.2024109363555908,0.0
504,13,1.9480783939361572,0.7839644173765471,False,55.55555555555556,55.55555555555556,0.0,False,1.9480783939361572,0.0
504,15,2.0169641971588135,0.8116861039149662,False,55.55555555555556,55.55555555555556,0.0,False,2.0169641971588135,0.0
504,16,1.1428463459014893,0.44556292800748876,True,100.0,55.55555555555556,44.44444444444444,True,1.1428463459014893,44.44444444444444
505,2,1.4047486782073975,0.5476711164378077,False,33.33333333333333,66.66666666666666,-33.33333333333333,False,1.4047486782073975,-33.33333333333333
505,3,1.3712055683135986,0.5345936224139118,False,66.66666666666666,66.66666666666666,0.0,False,1.3712055683135986,0.0
505,4,1.1185396909713745,0.43608646218199176,False,66.66666666666666,66.66666666666666,0.0,False,1.1185396909713745,0.0
505,6,1.3862448930740356,0.5578659838961367,False,83.33333333333334,66.66666666666666,16.666666666666686,True,1.3862448930740356,16.666666666666686
505,7,1.4047486782073975,0.5476711164378077,False,83.33333333333334,66.66666666666666,16.666666666666686,True,1.4047486782073975,16.666666666666686
505,8,1.3712055683135986,0.5345936224139118,False,66.66666666666666,66.66666666666666,0.0,False,1.3712055683135986,0.0
505,9,0.5360900163650513,0.22356690154338066,False,66.66666666666666,66.66666666666666,0.0,False,0.5360900163650513,0.0
506,1,1.8070788383483887,0.7272220220033455,False,80.0,80.0,0.0,False,1.8070788383483887,0.0
506,2,1.2179503440856934,0.6797510296459736,False,80.0,80.0,0.0,False,1.2179503440856934,0.0
506,3,0.05538327246904373,0.07990117253929165,False,80.0,80.0,0.0,False,0.05538327246904373,0.0
507,1,1.1280887126922607,0.45397629435637094,False,50.0,50.0,0.0,False,1.1280887126922607,0.0
507,2,1.5616620779037476,0.751000711778697,False,50.0,50.0,0.0,False,1.5616620779037476,0.0
507,3,0.9308863878250122,0.37461624077686406,False,50.0,50.0,0.0,False,0.9308863878250122,0.0
508,1,0.4833298921585083,0.19450625728726814,True,100.0,83.33333333333334,16.666666666666657,True,0.4833298921585083,16.666666666666657
508,2,1.3733216524124146,0.5071256256082164,True,100.0,83.33333333333334,16.666666666666657,True,1.3733216524124146,16.666666666666657
509,1,1.2800321578979492,0.5151228348989106,False,40.0,40.0,0.0,False,1.2800321578979492,0.0
509,2,1.2892813682556152,0.5188449909639906,False,40.0,40.0,0.0,False,1.2892813682556152,0.0
510,1,1.635850191116333,0.6583145452389109,False,71.42857142857143,57.14285714285714,14.285714285714292,True,1.635850191116333,14.285714285714292
510,2,0.8995572924613953,0.30551059092284416,False,71.42857142857143,57.14285714285714,14.285714285714292,True,0.8995572924613953,14.285714285714292
511,2,1.117391586303711,0.4496714540158042,False,66.66666666666666,50.0,16.666666666666657,True,1.117391586303711,16.666666666666657
511,3,1.8856617212295532,0.7588461004723973,False,66.66666666666666,50.0,16.666666666666657,True,1.8856617212295532,16.666666666666657
511,4,1.117391586303711,0.4496714540158042,False,66.66666666666666,50.0,16.666666666666657,True,1.117391586303711,16.666666666666657
511,5,1.8856617212295532,0.7588461004723973,False,66.66666666666666,50.0,16.666666666666657,True,1.8856617212295532,16.666666666666657
511,6,1.117391586303711,0.4496714540158042,False,50.0,50.0,0.0,False,1.117391586303711,0.0
511,7,1.8856617212295532,0.7588461004723973,False,50.0,50.0,0.0,False,1.8856617212295532,0.0
511,8,0.7861640453338623,0.2835487423820923,False,66.66666666666666,50.0,16.666666666666657,True,0.7861640453338623,16.666666666666657
511,9,1.1715173721313477,0.4225355757722914,False,66.66666666666666,50.0,16.666666666666657,True,1.1715173721313477,16.666666666666657
512,36,0.7462710738182068,0.6792852050862641,False,71.42857142857143,0.0,71.42857142857143,True,0.7462710738182068,71.42857142857143
512,38,1.445971965789795,0.5819019261400253,False,57.14285714285714,0.0,57.14285714285714,True,1.445971965789795,57.14285714285714
512,39,0.9116525650024414,0.3554271207540254,False,4.2857142857142865,0.0,4.2857142857142865,False,0.9116525650024414,4.2857142857142865
512,40,0.701519250869751,0.27350218390433495,False,57.14285714285714,0.0,57.14285714285714,True,0.701519250869751,57.14285714285714
512,41,0.7997546195983887,0.3118013294382876,False,85.71428571428571,0.0,85.71428571428571,True,0.7997546195983887,85.71428571428571
512,43,1.445971965789795,0.5819019261400253,False,85.71428571428571,0.0,85.71428571428571,True,1.445971965789795,85.71428571428571
512,44,0.9116525650024414,0.3554271207540254,False,71.42857142857143,0.0,71.42857142857143,True,0.9116525650024414,71.42857142857143
512,45,0.701519250869751,0.27350218390433495,False,85.71428571428571,0.0,85.71428571428571,True,0.701519250869751,85.71428571428571
513,1,1.722888708114624,0.6933414212005156,False,60.0,60.0,0.0,False,1.722888708114624,0.0
513,2,1.5144498348236084,0.5904404429732756,False,80.0,60.0,20.0,True,1.5144498348236084,20.0
513,3,1.7329615354537964,0.6250337533126289,False,80.0,60.0,20.0,True,1.7329615354537964,20.0
513,4,1.1955260038375854,0.46610121184644604,False,60.0,60.0,0.0,False,1.1955260038375854,0.0
513,5,1.722888708114624,0.6933414212005156,False,60.0,60.0,0.0,False,1.722888708114624,0.0
513,6,1.1955260038375854,0.46610121184644604,False,60.0,60.0,0.0,False,1.1955260038375854,0.0
513,7,1.6146489381790161,0.5483723553463205,False,80.0,60.0,20.0,True,1.6146489381790161,20.0
514,1,1.7533931732177734,0.7056173210238558,False,16.666666666666664,16.666666666666664,0.0,False,1.7533931732177734,0.0
515,1,1.3393155336380005,0.5389802203443997,False,2.2222222222222223,55.55555555555556,-53.333333333333336,False,1.3393155336380005,-53.333333333333336
515,2,1.2501304149627686,0.487389901608034,False,77.77777777777777,55.55555555555556,22.222222222222214,True,1.2501304149627686,22.222222222222214
515,3,1.1813554763793945,0.46057653066045373,False,77.77777777777777,55.55555555555556,22.222222222222214,True,1.1813554763793945,22.222222222222214
515,4,1.3504772186279297,0.5265122349099561,False,77.77777777777777,55.55555555555556,22.222222222222214,True,1.3504772186279297,22.222222222222214
515,5,1.539225459098816,0.6419068741490627,False,55.55555555555556,55.55555555555556,0.0,False,1.539225459098816,0.0
517,1,0.7393237948417664,0.2975257822682561,False,42.857142857142854,42.857142857142854,0.0,False,0.7393237948417664,0.0
517,2,0.5393058061599731,0.18658700379515247,False,42.857142857142854,42.857142857142854,0.0,False,0.5393058061599731,0.0
518,1,2.10555100440979,0.8473360577104274,False,66.66666666666666,66.66666666666666,0.0,False,2.10555100440979,0.0
518,2,1.3426613807678223,0.6456836385422885,False,66.66666666666666,66.66666666666666,0.0,False,1.3426613807678223,0.0
518,3,2.1170785427093506,0.8519750803878162,False,83.33333333333334,66.66666666666666,16.666666666666686,True,2.1170785427093506,16.666666666666686
518,4,1.3426613807678223,0.6456836385422885,False,66.66666666666666,66.66666666666666,0.0,False,1.3426613807678223,0.0
518,5,2.1170785427093506,0.8519750803878162,False,83.33333333333334,66.66666666666666,16.666666666666686,True,2.1170785427093506,16.666666666666686
518,7,0.8705446124076843,0.3503329239679707,False,66.66666666666666,66.66666666666666,0.0,False,0.8705446124076843,0.0
519,1,2.0590810775756836,0.8286351834389247,False,66.66666666666666,6.666666666666666,59.99999999999999,True,2.0590810775756836,59.99999999999999
519,3,2.0590810775756836,0.8286351834389247,False,88.88888888888889,6.666666666666666,82.22222222222221,True,2.0590810775756836,82.22222222222221
519,5,2.0590810775756836,0.8286351834389247,False,88.88888888888889,6.666666666666666,82.22222222222221,True,2.0590810775756836,82.22222222222221
519,6,0.8569220304489136,0.31643506095276064,False,6.666666666666666,6.666666666666666,0.0,False,0.8569220304489136,0.0
520,2,1.1440731287002563,0.4604088965667434,False,54.54545454545454,54.54545454545454,0.0,False,1.1440731287002563,0.0
520,4,1.1440731287002563,0.4604088965667434,False,63.63636363636363,54.54545454545454,9.090909090909093,False,1.1440731287002563,9.090909090909093
520,5,1.6401185989379883,0.6394350805277382,False,27.27272727272727,54.54545454545454,-27.27272727272727,False,1.6401185989379883,-27.27272727272727
520,6,1.4739623069763184,0.5746555200743068,False,54.54545454545454,54.54545454545454,0.0,False,1.4739623069763184,0.0
520,7,1.6401185989379883,0.6394350805277382,False,45.45454545454545,54.54545454545454,-9.090909090909086,False,1.6401185989379883,-9.090909090909086
520,9,0.076226606965065,0.1099717478522914,False,54.54545454545454,54.54545454545454,0.0,False,0.076226606965065,0.0
520,10,1.3997185230255127,0.4753769845221136,False,45.45454545454545,54.54545454545454,-9.090909090909086,False,1.3997185230255127,-9.090909090909086
520,11,0.045598048716783524,0.06578407875791695,False,45.45454545454545,54.54545454545454,-9.090909090909086,False,0.045598048716783524,-9.090909090909086
521,1,1.9458831548690796,0.7830809881872595,False,16.666666666666664,50.0,-33.333333333333336,False,1.9458831548690796,-33.333333333333336
521,2,2.171766996383667,0.7375826131056336,False,50.0,50.0,0.0,False,2.171766996383667,0.0
521,3,0.07391335070133209,0.1066344245122986,False,50.0,50.0,0.0,False,0.07391335070133209,0.0
521,4,2.239633321762085,0.7606315965821498,False,33.33333333333333,50.0,-16.66666666666667,False,2.239633321762085,-16.66666666666667
521,5,0.07391335070133209,0.1066344245122986,False,50.0,50.0,0.0,False,0.07391335070133209,0.0
522,3,0.03279941529035568,0.04731955378345378,False,6.0,80.0,-74.0,False,0.03279941529035568,-74.0
522,4,1.5568313598632812,0.5494931622884488,False,8.000000000000002,80.0,-72.0,False,1.5568313598632812,-72.0
522,5,1.5819458961486816,0.6366218611405967,False,80.0,80.0,0.0,False,1.5819458961486816,0.0
522,6,1.5568313598632812,0.5494931622884488,False,8.000000000000002,80.0,-72.0,False,1.5568313598632812,-72.0
522,7,1.5819458961486816,0.6366218611405967,False,6.0,80.0,-74.0,False,1.5819458961486816,-74.0
522,8,1.4143517017364502,0.5514150591792569,False,8.000000000000002,80.0,-72.0,False,1.4143517017364502,-72.0
522,9,2.2437357902526855,0.7620248903537742,True,100.0,80.0,20.0,True,2.2437357902526855,20.0
522,11,1.2080862522125244,0.41029420570791697,True,100.0,80.0,20.0,True,1.2080862522125244,20.0
523,1,1.0874402523040771,0.43761815052362313,False,66.66666666666666,83.33333333333334,-16.666666666666686,False,1.0874402523040771,-16.666666666666686
523,2,0.8849934339523315,0.3123638520935795,True,100.0,83.33333333333334,16.666666666666657,True,0.8849934339523315,16.666666666666657
523,3,1.552241563796997,0.5478731656595635,False,66.66666666666666,83.33333333333334,-16.666666666666686,False,1.552241563796997,-16.666666666666686
523,4,1.394932746887207,0.49235005539333254,False,83.33333333333334,83.33333333333334,0.0,False,1.394932746887207,0.0
523,5,1.2047631740570068,0.4252285400901677,False,83.33333333333334,83.33333333333334,0.0,False,1.2047631740570068,0.0
524,14,0.9979555010795593,0.4016068374901326,True,100.0,87.5,12.5,True,0.9979555010795593,12.5
524,15,1.1409770250320435,0.44483413355234375,True,100.0,87.5,12.5,True,1.1409770250320435,12.5
524,16,1.1256470680236816,0.4388574241238451,True,100.0,87.5,12.5,True,1.1256470680236816,12.5
524,17,1.3343899250030518,0.453189872313405,True,100.0,87.5,12.5,True,1.3343899250030518,12.5
524,19,0.9979555010795593,0.4016068374901326,False,75.0,87.5,-12.5,False,0.9979555010795593,-12.5
524,20,1.1409770250320435,0.44483413355234375,False,87.5,87.5,0.0,False,1.1409770250320435,0.0
525,1,1.9575414657592773,0.7877726376265622,False,57.14285714285714,57.14285714285714,0.0,False,1.9575414657592773,0.0
525,2,1.1645081043243408,0.48563759957929553,False,57.14285714285714,57.14285714285714,0.0,False,1.1645081043243408,0.0
525,3,1.9312779903411865,0.7772034376043677,False,57.14285714285714,57.14285714285714,0.0,False,1.9312779903411865,0.0
525,4,2.0605411529541016,0.8033457451937239,False,57.14285714285714,57.14285714285714,0.0,False,2.0605411529541016,0.0
525,5,1.1086552143096924,0.43223278895724454,False,57.14285714285714,57.14285714285714,0.0,False,1.1086552143096924,0.0
525,6,2.0605411529541016,0.8033457451937239,False,57.14285714285714,57.14285714285714,0.0,False,2.0605411529541016,0.0
525,8,1.9575414657592773,0.7877726376265622,False,57.14285714285714,57.14285714285714,0.0,False,1.9575414657592773,0.0
525,10,1.9679677486419678,0.7919684825222166,False,57.14285714285714,57.14285714285714,0.0,False,1.9679677486419678,0.0
526,4,0.9411964416503906,0.3196522150093393,False,75.0,50.0,25.0,True,0.9411964416503906,25.0
526,6,1.7049124240875244,0.6646963298233817,False,75.0,50.0,25.0,True,1.7049124240875244,25.0
526,7,1.7768964767456055,0.6927608420714214,False,50.0,50.0,0.0,False,1.7768964767456055,0.0
526,8,1.7049124240875244,0.6646963298233817,False,75.0,50.0,25.0,True,1.7049124240875244,25.0
526,9,0.9796873331069946,0.3389485558148709,False,75.0,50.0,25.0,True,0.9796873331069946,25.0
526,10,1.2695952653884888,0.4949786870821395,False,75.0,50.0,25.0,True,1.2695952653884888,25.0
526,13,1.4013943672180176,0.5463633670354182,False,62.5,50.0,12.5,True,1.4013943672180176,12.5
526,14,1.2695952653884888,0.4949786870821395,False,75.0,50.0,25.0,True,1.2695952653884888,25.0
527,1,1.8344268798828125,0.7382276835386619,False,60.0,80.0,-20.0,False,1.8344268798828125,-20.0
527,2,1.5102171897888184,0.5446957125933987,True,100.0,80.0,20.0,True,1.5102171897888184,20.0
527,4,1.8344268798828125,0.7382276835386619,False,40.0,80.0,-40.0,False,1.8344268798828125,-40.0
527,5,0.7759339809417725,0.2684547338320788,False,80.0,80.0,0.0,False,0.7759339809417725,0.0
527,6,1.5861371755599976,0.5487658019169516,False,80.0,80.0,0.0,False,1.5861371755599976,0.0
528,1,1.658140778541565,0.6672849375178859,False,83.33333333333334,83.33333333333334,0.0,False,1.658140778541565,0.0
528,2,0.8604375123977661,0.3736832636569107,False,83.33333333333334,83.33333333333334,0.0,False,0.8604375123977661,0.0
529,1,1.6928051710128784,0.6812349152662536,False,50.0,30.0,20.0,True,1.6928051710128784,20.0
529,2,1.0834870338439941,0.604705627318824,False,90.0,30.0,60.0,True,1.0834870338439941,60.0
529,3,0.03430632874369621,0.04949357034963703,False,90.0,30.0,60.0,True,0.03430632874369621,60.0
529,4,1.0834870338439941,0.604705627318824,False,70.0,30.0,40.0,True,1.0834870338439941,40.0
529,5,1.8443481922149658,0.742220313335439,False,80.0,30.0,50.0,True,1.8443481922149658,50.0
529,6,1.3514060974121094,0.5268743780382318,False,30.0,30.0,0.0,False,1.3514060974121094,0.0
529,7,1.6776347160339355,0.654061535816928,False,30.0,30.0,0.0,False,1.6776347160339355,0.0
529,8,0.906482458114624,0.35341144474358976,False,30.0,30.0,0.0,False,0.906482458114624,0.0
